SET DEFINE OFF;
Insert into EGITIM.BOLGELER (BOLGE_KODU,BOLGE_ADI) values ('1','İÇ ANADOLU');
Insert into EGITIM.BOLGELER (BOLGE_KODU,BOLGE_ADI) values ('2','MARMARA');
Insert into EGITIM.BOLGELER (BOLGE_KODU,BOLGE_ADI) values ('3','EGE');
Insert into EGITIM.BOLGELER (BOLGE_KODU,BOLGE_ADI) values ('4','AKDENİZ');
Insert into EGITIM.BOLGELER (BOLGE_KODU,BOLGE_ADI) values ('5','DOĞU ANADALU');
Insert into EGITIM.BOLGELER (BOLGE_KODU,BOLGE_ADI) values ('6','GÜNEY DOĞU ANADOLU');
Insert into EGITIM.BOLGELER (BOLGE_KODU,BOLGE_ADI) values ('7','KARADENİZ');

SET DEFINE OFF;
Insert into EGITIM.CEZA_BILGI (PERSONEL_ID,CEZA_ACIKLAMA,BASLANGIC_TARIHI,BITIS_TARIHI) values ('5016','Uzaklaştırma',to_date('20/09/2011','DD/MM/RRRR'),to_date('21/09/2011','DD/MM/RRRR'));
Insert into EGITIM.CEZA_BILGI (PERSONEL_ID,CEZA_ACIKLAMA,BASLANGIC_TARIHI,BITIS_TARIHI) values ('5037','Yüz Kızartıcı',to_date('15/06/2011','DD/MM/RRRR'),to_date('20/06/2011','DD/MM/RRRR'));
Insert into EGITIM.CEZA_BILGI (PERSONEL_ID,CEZA_ACIKLAMA,BASLANGIC_TARIHI,BITIS_TARIHI) values ('5029','Disiplin',to_date('30/07/2011','DD/MM/RRRR'),to_date('02/09/2011','DD/MM/RRRR'));

SET DEFINE OFF;
Insert into EGITIM.DEPARTMAN (DEPT_ID,DEPT_ISMI) values ('100','BT Finansal Uygulamalar Direktörlüğü');
Insert into EGITIM.DEPARTMAN (DEPT_ID,DEPT_ISMI) values ('101','BT Müşteri Uygulamaları Direktörlüğü');
Insert into EGITIM.DEPARTMAN (DEPT_ID,DEPT_ISMI) values ('102','BT Operasyon Direktörlüğü');
Insert into EGITIM.DEPARTMAN (DEPT_ID,DEPT_ISMI) values ('103','Ürün ve Servis Geliştirme Direktörlüğü');
Insert into EGITIM.DEPARTMAN (DEPT_ID,DEPT_ISMI) values ('104','Güvenlik Direktörlüğü');
Insert into EGITIM.DEPARTMAN (DEPT_ID,DEPT_ISMI) values ('105','Proje Yönetim Ofisi Direktörlüğü');
Insert into EGITIM.DEPARTMAN (DEPT_ID,DEPT_ISMI) values ('106','Ses Tahakkuk ve Faturalama Müdürlüğü');
Insert into EGITIM.DEPARTMAN (DEPT_ID,DEPT_ISMI) values ('107','Veri Tahakkuk ve Faturalama Müdürlüğü');
Insert into EGITIM.DEPARTMAN (DEPT_ID,DEPT_ISMI) values ('108','Tahsilat ve Mediation Müdürlüğü');
Insert into EGITIM.DEPARTMAN (DEPT_ID,DEPT_ISMI) values ('109','Ses CRM Müdürlüğü');
Insert into EGITIM.DEPARTMAN (DEPT_ID,DEPT_ISMI) values ('110','Data CRM Müdürlüğü');
Insert into EGITIM.DEPARTMAN (DEPT_ID,DEPT_ISMI) values ('111','İş Zekası Müdürlüğü');
Insert into EGITIM.DEPARTMAN (DEPT_ID,DEPT_ISMI) values ('112','Kaynak ve Envanter Müdürlüğü');
Insert into EGITIM.DEPARTMAN (DEPT_ID,DEPT_ISMI) values ('113','Operasyonel Raporlama Müdürlüğü');
Insert into EGITIM.DEPARTMAN (DEPT_ID,DEPT_ISMI) values ('114','Kurumsal Uygulamalar Müdürlüğü');

SET DEFINE OFF;
Insert into EGITIM.ILLER (IL_KODU,IL_ADI,BOLGE_KODU,BOLGE_ADI) values ('1','ADANA','3',null);
Insert into EGITIM.ILLER (IL_KODU,IL_ADI,BOLGE_KODU,BOLGE_ADI) values ('2','ADIYAMAN','3',null);
Insert into EGITIM.ILLER (IL_KODU,IL_ADI,BOLGE_KODU,BOLGE_ADI) values ('3','AFYON','4',null);
Insert into EGITIM.ILLER (IL_KODU,IL_ADI,BOLGE_KODU,BOLGE_ADI) values ('4','AĞRI','3',null);
Insert into EGITIM.ILLER (IL_KODU,IL_ADI,BOLGE_KODU,BOLGE_ADI) values ('5','AMASYA','3',null);
Insert into EGITIM.ILLER (IL_KODU,IL_ADI,BOLGE_KODU,BOLGE_ADI) values ('6','ANKARA','1',null);
Insert into EGITIM.ILLER (IL_KODU,IL_ADI,BOLGE_KODU,BOLGE_ADI) values ('7','ANTALYA','4',null);
Insert into EGITIM.ILLER (IL_KODU,IL_ADI,BOLGE_KODU,BOLGE_ADI) values ('8','ARTVİN','3',null);
Insert into EGITIM.ILLER (IL_KODU,IL_ADI,BOLGE_KODU,BOLGE_ADI) values ('9','AYDIN','4',null);
Insert into EGITIM.ILLER (IL_KODU,IL_ADI,BOLGE_KODU,BOLGE_ADI) values ('10','BALIKESIR','4',null);
Insert into EGITIM.ILLER (IL_KODU,IL_ADI,BOLGE_KODU,BOLGE_ADI) values ('11','BİLECİK','2',null);
Insert into EGITIM.ILLER (IL_KODU,IL_ADI,BOLGE_KODU,BOLGE_ADI) values ('12','BİNGÖL','3',null);
Insert into EGITIM.ILLER (IL_KODU,IL_ADI,BOLGE_KODU,BOLGE_ADI) values ('13','BİTLİS','3',null);
Insert into EGITIM.ILLER (IL_KODU,IL_ADI,BOLGE_KODU,BOLGE_ADI) values ('14','BOLU','3',null);
Insert into EGITIM.ILLER (IL_KODU,IL_ADI,BOLGE_KODU,BOLGE_ADI) values ('15','BURDUR','4',null);
Insert into EGITIM.ILLER (IL_KODU,IL_ADI,BOLGE_KODU,BOLGE_ADI) values ('16','BURSA','2',null);
Insert into EGITIM.ILLER (IL_KODU,IL_ADI,BOLGE_KODU,BOLGE_ADI) values ('17','ÇANAKKALE','4',null);
Insert into EGITIM.ILLER (IL_KODU,IL_ADI,BOLGE_KODU,BOLGE_ADI) values ('18','ÇANKIRI','3',null);
Insert into EGITIM.ILLER (IL_KODU,IL_ADI,BOLGE_KODU,BOLGE_ADI) values ('19','ÇORUM','1',null);
Insert into EGITIM.ILLER (IL_KODU,IL_ADI,BOLGE_KODU,BOLGE_ADI) values ('20','DENİZLİ','4',null);
Insert into EGITIM.ILLER (IL_KODU,IL_ADI,BOLGE_KODU,BOLGE_ADI) values ('21','DİYARBAKIR','3',null);
Insert into EGITIM.ILLER (IL_KODU,IL_ADI,BOLGE_KODU,BOLGE_ADI) values ('22','EDİRNE','2',null);
Insert into EGITIM.ILLER (IL_KODU,IL_ADI,BOLGE_KODU,BOLGE_ADI) values ('23','ELAZIĞ','3',null);
Insert into EGITIM.ILLER (IL_KODU,IL_ADI,BOLGE_KODU,BOLGE_ADI) values ('24','ERZİNCAN','3',null);
Insert into EGITIM.ILLER (IL_KODU,IL_ADI,BOLGE_KODU,BOLGE_ADI) values ('25','ERZURUM','3',null);
Insert into EGITIM.ILLER (IL_KODU,IL_ADI,BOLGE_KODU,BOLGE_ADI) values ('26','ESKİŞEHİR','2',null);
Insert into EGITIM.ILLER (IL_KODU,IL_ADI,BOLGE_KODU,BOLGE_ADI) values ('27','GAZİANTEP','3',null);
Insert into EGITIM.ILLER (IL_KODU,IL_ADI,BOLGE_KODU,BOLGE_ADI) values ('28','GIRESUN','2',null);
Insert into EGITIM.ILLER (IL_KODU,IL_ADI,BOLGE_KODU,BOLGE_ADI) values ('29','GÜMÜŞHANE','3',null);
Insert into EGITIM.ILLER (IL_KODU,IL_ADI,BOLGE_KODU,BOLGE_ADI) values ('30','HAKKARI','3',null);
Insert into EGITIM.ILLER (IL_KODU,IL_ADI,BOLGE_KODU,BOLGE_ADI) values ('31','HATAY','3',null);
Insert into EGITIM.ILLER (IL_KODU,IL_ADI,BOLGE_KODU,BOLGE_ADI) values ('32','ISPARTA','4',null);
Insert into EGITIM.ILLER (IL_KODU,IL_ADI,BOLGE_KODU,BOLGE_ADI) values ('33','MERSİN','3',null);
Insert into EGITIM.ILLER (IL_KODU,IL_ADI,BOLGE_KODU,BOLGE_ADI) values ('34','İSTANBUL','2',null);
Insert into EGITIM.ILLER (IL_KODU,IL_ADI,BOLGE_KODU,BOLGE_ADI) values ('35','İZMİR','4',null);
Insert into EGITIM.ILLER (IL_KODU,IL_ADI,BOLGE_KODU,BOLGE_ADI) values ('36','KARS','3',null);
Insert into EGITIM.ILLER (IL_KODU,IL_ADI,BOLGE_KODU,BOLGE_ADI) values ('37','KASTAMONU','1',null);
Insert into EGITIM.ILLER (IL_KODU,IL_ADI,BOLGE_KODU,BOLGE_ADI) values ('38','KAYSERİ','4',null);
Insert into EGITIM.ILLER (IL_KODU,IL_ADI,BOLGE_KODU,BOLGE_ADI) values ('39','KIRKLARELI','2',null);
Insert into EGITIM.ILLER (IL_KODU,IL_ADI,BOLGE_KODU,BOLGE_ADI) values ('40','KIRŞEHİR','3',null);
Insert into EGITIM.ILLER (IL_KODU,IL_ADI,BOLGE_KODU,BOLGE_ADI) values ('41','KOCAELİ','2',null);
Insert into EGITIM.ILLER (IL_KODU,IL_ADI,BOLGE_KODU,BOLGE_ADI) values ('42','KONYA','1',null);
Insert into EGITIM.ILLER (IL_KODU,IL_ADI,BOLGE_KODU,BOLGE_ADI) values ('43','KÜTAHYA','4',null);
Insert into EGITIM.ILLER (IL_KODU,IL_ADI,BOLGE_KODU,BOLGE_ADI) values ('44','MALATYA','3',null);
Insert into EGITIM.ILLER (IL_KODU,IL_ADI,BOLGE_KODU,BOLGE_ADI) values ('45','MANİSA','4',null);
Insert into EGITIM.ILLER (IL_KODU,IL_ADI,BOLGE_KODU,BOLGE_ADI) values ('46','KAHRAMANMARAŞ','3',null);
Insert into EGITIM.ILLER (IL_KODU,IL_ADI,BOLGE_KODU,BOLGE_ADI) values ('47','MARDİN','3',null);
Insert into EGITIM.ILLER (IL_KODU,IL_ADI,BOLGE_KODU,BOLGE_ADI) values ('48','MUĞLA','4',null);
Insert into EGITIM.ILLER (IL_KODU,IL_ADI,BOLGE_KODU,BOLGE_ADI) values ('49','MUS','3',null);
Insert into EGITIM.ILLER (IL_KODU,IL_ADI,BOLGE_KODU,BOLGE_ADI) values ('50','NEVŞEHİR','3',null);
Insert into EGITIM.ILLER (IL_KODU,IL_ADI,BOLGE_KODU,BOLGE_ADI) values ('51','NİĞDE','3',null);
Insert into EGITIM.ILLER (IL_KODU,IL_ADI,BOLGE_KODU,BOLGE_ADI) values ('52','ORDU','2',null);
Insert into EGITIM.ILLER (IL_KODU,IL_ADI,BOLGE_KODU,BOLGE_ADI) values ('53','RİZE','1',null);
Insert into EGITIM.ILLER (IL_KODU,IL_ADI,BOLGE_KODU,BOLGE_ADI) values ('54','SAKARYA','2',null);
Insert into EGITIM.ILLER (IL_KODU,IL_ADI,BOLGE_KODU,BOLGE_ADI) values ('55','SAMSUN','2',null);
Insert into EGITIM.ILLER (IL_KODU,IL_ADI,BOLGE_KODU,BOLGE_ADI) values ('56','SİİRT','3',null);
Insert into EGITIM.ILLER (IL_KODU,IL_ADI,BOLGE_KODU,BOLGE_ADI) values ('57','SİNOP','2',null);
Insert into EGITIM.ILLER (IL_KODU,IL_ADI,BOLGE_KODU,BOLGE_ADI) values ('58','SİVAS','3',null);
Insert into EGITIM.ILLER (IL_KODU,IL_ADI,BOLGE_KODU,BOLGE_ADI) values ('59','TEKİRDAĞ','2',null);
Insert into EGITIM.ILLER (IL_KODU,IL_ADI,BOLGE_KODU,BOLGE_ADI) values ('60','TOKAT','1',null);
Insert into EGITIM.ILLER (IL_KODU,IL_ADI,BOLGE_KODU,BOLGE_ADI) values ('61','TRABZON','1',null);
Insert into EGITIM.ILLER (IL_KODU,IL_ADI,BOLGE_KODU,BOLGE_ADI) values ('62','TUNCELİ','3',null);
Insert into EGITIM.ILLER (IL_KODU,IL_ADI,BOLGE_KODU,BOLGE_ADI) values ('63','ŞANLIURFA','3',null);
Insert into EGITIM.ILLER (IL_KODU,IL_ADI,BOLGE_KODU,BOLGE_ADI) values ('64','UŞAK','4',null);
Insert into EGITIM.ILLER (IL_KODU,IL_ADI,BOLGE_KODU,BOLGE_ADI) values ('65','VAN','3',null);
Insert into EGITIM.ILLER (IL_KODU,IL_ADI,BOLGE_KODU,BOLGE_ADI) values ('66','YOZGAT','3',null);
Insert into EGITIM.ILLER (IL_KODU,IL_ADI,BOLGE_KODU,BOLGE_ADI) values ('67','ZONGULDAK','4',null);
Insert into EGITIM.ILLER (IL_KODU,IL_ADI,BOLGE_KODU,BOLGE_ADI) values ('68','AKSARAY','3',null);
Insert into EGITIM.ILLER (IL_KODU,IL_ADI,BOLGE_KODU,BOLGE_ADI) values ('69','BAYBURT','3',null);
Insert into EGITIM.ILLER (IL_KODU,IL_ADI,BOLGE_KODU,BOLGE_ADI) values ('70','KARAMAN','3',null);
Insert into EGITIM.ILLER (IL_KODU,IL_ADI,BOLGE_KODU,BOLGE_ADI) values ('71','KIRIKKALE','3',null);
Insert into EGITIM.ILLER (IL_KODU,IL_ADI,BOLGE_KODU,BOLGE_ADI) values ('72','BATMAN','3',null);
Insert into EGITIM.ILLER (IL_KODU,IL_ADI,BOLGE_KODU,BOLGE_ADI) values ('73','ŞIRNAK','3',null);
Insert into EGITIM.ILLER (IL_KODU,IL_ADI,BOLGE_KODU,BOLGE_ADI) values ('74','BARTIN','4',null);
Insert into EGITIM.ILLER (IL_KODU,IL_ADI,BOLGE_KODU,BOLGE_ADI) values ('75','ARDAHAN','3',null);
Insert into EGITIM.ILLER (IL_KODU,IL_ADI,BOLGE_KODU,BOLGE_ADI) values ('76','IĞDIR','3',null);
Insert into EGITIM.ILLER (IL_KODU,IL_ADI,BOLGE_KODU,BOLGE_ADI) values ('77','YALOVA','2',null);
Insert into EGITIM.ILLER (IL_KODU,IL_ADI,BOLGE_KODU,BOLGE_ADI) values ('78','KARABÜK','4',null);
Insert into EGITIM.ILLER (IL_KODU,IL_ADI,BOLGE_KODU,BOLGE_ADI) values ('79','KİLİS','3',null);
Insert into EGITIM.ILLER (IL_KODU,IL_ADI,BOLGE_KODU,BOLGE_ADI) values ('80','OSMANİYE','3',null);
Insert into EGITIM.ILLER (IL_KODU,IL_ADI,BOLGE_KODU,BOLGE_ADI) values ('81','DÜZCE','3',null);

SET DEFINE OFF;
Insert into EGITIM.IZIN_TURLERI (IZIN_TURU,ACIKLAMA) values ('1','Yıllık İzin');
Insert into EGITIM.IZIN_TURLERI (IZIN_TURU,ACIKLAMA) values ('2','Saatlik İzin');
Insert into EGITIM.IZIN_TURLERI (IZIN_TURU,ACIKLAMA) values ('3','Doğum Günü İzni');
Insert into EGITIM.IZIN_TURLERI (IZIN_TURU,ACIKLAMA) values ('4','Mazeret İzni');
Insert into EGITIM.IZIN_TURLERI (IZIN_TURU,ACIKLAMA) values ('5','Evlilik İzni');
Insert into EGITIM.IZIN_TURLERI (IZIN_TURU,ACIKLAMA) values ('6','Vefat İzni');
Insert into EGITIM.IZIN_TURLERI (IZIN_TURU,ACIKLAMA) values ('7','Doğum İzni');
Insert into EGITIM.IZIN_TURLERI (IZIN_TURU,ACIKLAMA) values ('8','Doğal Afet İzni');
Insert into EGITIM.IZIN_TURLERI (IZIN_TURU,ACIKLAMA) values ('9','Babalık İzni');
Insert into EGITIM.IZIN_TURLERI (IZIN_TURU,ACIKLAMA) values ('10','Taşınma İzni');

SET DEFINE OFF;
Insert into EGITIM.KONUM (KONUM_ID,KONUM_ADI,IL_KODU) values ('1','Ankara - Aydınlıkevler','6');
Insert into EGITIM.KONUM (KONUM_ID,KONUM_ADI,IL_KODU) values ('2','Ankara - TOBB Yerleşkesi','6');
Insert into EGITIM.KONUM (KONUM_ID,KONUM_ADI,IL_KODU) values ('3','Ankara - Akademi Eğitim Birimi','6');
Insert into EGITIM.KONUM (KONUM_ID,KONUM_ADI,IL_KODU) values ('4','Akara - İl Müdürlüğü','6');
Insert into EGITIM.KONUM (KONUM_ID,KONUM_ADI,IL_KODU) values ('5','İstanbul - Ümraniye','34');
Insert into EGITIM.KONUM (KONUM_ID,KONUM_ADI,IL_KODU) values ('6','İstanbul - Acıbadem','34');
Insert into EGITIM.KONUM (KONUM_ID,KONUM_ADI,IL_KODU) values ('7','İstanbul - Gayrettepe','34');
Insert into EGITIM.KONUM (KONUM_ID,KONUM_ADI,IL_KODU) values ('8','Trabzon - Maçka','61');
Insert into EGITIM.KONUM (KONUM_ID,KONUM_ADI,IL_KODU) values ('9','Konya - Selçuklu','42');

SET DEFINE OFF;
Insert into EGITIM.MUDURLUK (MUDURLUK_KODU,IL_ADI,MUDURLUK_ADI) values ('2522','SAMSUN','İL SANTRALLER MÜDÜRLÜĞÜ');
Insert into EGITIM.MUDURLUK (MUDURLUK_KODU,IL_ADI,MUDURLUK_ADI) values ('10003','ISPARTA','OPERASYON MÜDÜRLÜĞÜ');
Insert into EGITIM.MUDURLUK (MUDURLUK_KODU,IL_ADI,MUDURLUK_ADI) values ('10057','MANİSA','HUKUK İŞLERİ MÜD.');
Insert into EGITIM.MUDURLUK (MUDURLUK_KODU,IL_ADI,MUDURLUK_ADI) values ('8061','MANİSA','BİLGİ İŞLEM MUD');
Insert into EGITIM.MUDURLUK (MUDURLUK_KODU,IL_ADI,MUDURLUK_ADI) values ('4982','MANİSA','MANİSA');
Insert into EGITIM.MUDURLUK (MUDURLUK_KODU,IL_ADI,MUDURLUK_ADI) values ('4756','UŞAK','MUHASEBE');
Insert into EGITIM.MUDURLUK (MUDURLUK_KODU,IL_ADI,MUDURLUK_ADI) values ('3504','DİYARBAKIR','BİSMİL İŞLETME ŞEFLİĞİ55');
Insert into EGITIM.MUDURLUK (MUDURLUK_KODU,IL_ADI,MUDURLUK_ADI) values ('3563','İSTANBUL AVR.','GELİRLER TAKİP MÜDÜRLÜĞÜ');
Insert into EGITIM.MUDURLUK (MUDURLUK_KODU,IL_ADI,MUDURLUK_ADI) values ('3988','İSTANBUL AVR.','FİBER OPTİK KABLO MÜDÜRLÜĞÜ');
Insert into EGITIM.MUDURLUK (MUDURLUK_KODU,IL_ADI,MUDURLUK_ADI) values ('10208','İSTANBUL AVR.','HUKUK İŞLERİ MÜD');
Insert into EGITIM.MUDURLUK (MUDURLUK_KODU,IL_ADI,MUDURLUK_ADI) values ('6547','İSTANBUL AVR.','MUHASEBE MÜDÜRLÜĞÜ');
Insert into EGITIM.MUDURLUK (MUDURLUK_KODU,IL_ADI,MUDURLUK_ADI) values ('9376','İSTANBUL AVR.','KURUMSAL SATIŞ');
Insert into EGITIM.MUDURLUK (MUDURLUK_KODU,IL_ADI,MUDURLUK_ADI) values ('10526','İSTANBUL(AVRUPA)','TOPTAN SATIŞ');
Insert into EGITIM.MUDURLUK (MUDURLUK_KODU,IL_ADI,MUDURLUK_ADI) values ('9787','İSTANBUL(AVRUPA)','KURUMSAK GÜVENLİK HİZMETLERİ');
Insert into EGITIM.MUDURLUK (MUDURLUK_KODU,IL_ADI,MUDURLUK_ADI) values ('5024','ESKİŞEHİR','BİLGİ İŞLEM MÜDÜRLÜĞÜ');
Insert into EGITIM.MUDURLUK (MUDURLUK_KODU,IL_ADI,MUDURLUK_ADI) values ('4755','ESKİŞEHİR','KAMBS');
Insert into EGITIM.MUDURLUK (MUDURLUK_KODU,IL_ADI,MUDURLUK_ADI) values ('9147','BURSA','BAYİ');
Insert into EGITIM.MUDURLUK (MUDURLUK_KODU,IL_ADI,MUDURLUK_ADI) values ('4526','BURSA','KURUMSAL SATIŞ MÜDÜRLÜĞÜ');
Insert into EGITIM.MUDURLUK (MUDURLUK_KODU,IL_ADI,MUDURLUK_ADI) values ('10185','İZMİR','ERİŞİM OPERASYON');
Insert into EGITIM.MUDURLUK (MUDURLUK_KODU,IL_ADI,MUDURLUK_ADI) values ('7334','İZMİR','İZMİR TRANSMİSYON');
Insert into EGITIM.MUDURLUK (MUDURLUK_KODU,IL_ADI,MUDURLUK_ADI) values ('10514','ERZURUM','BİLGİ İŞLEM MÜD.');
Insert into EGITIM.MUDURLUK (MUDURLUK_KODU,IL_ADI,MUDURLUK_ADI) values ('10179','ERZURUM','MAK.ENJ.SOĞ.SİS.MÜD');
Insert into EGITIM.MUDURLUK (MUDURLUK_KODU,IL_ADI,MUDURLUK_ADI) values ('7134','ERZURUM','İL MÜDÜRLÜĞÜ');
Insert into EGITIM.MUDURLUK (MUDURLUK_KODU,IL_ADI,MUDURLUK_ADI) values ('3902','EDİRNE','FİNANS TEDARİK ZİNCİRİ UZM.');
Insert into EGITIM.MUDURLUK (MUDURLUK_KODU,IL_ADI,MUDURLUK_ADI) values ('8574','EDİRNE','HUKUK UZMANLIĞI');
Insert into EGITIM.MUDURLUK (MUDURLUK_KODU,IL_ADI,MUDURLUK_ADI) values ('4121','EDİRNE','İL YÖNETİCİLERİ');
Insert into EGITIM.MUDURLUK (MUDURLUK_KODU,IL_ADI,MUDURLUK_ADI) values ('7474','KIRKLARELİ','BİLGİ İŞLEM');
Insert into EGITIM.MUDURLUK (MUDURLUK_KODU,IL_ADI,MUDURLUK_ADI) values ('9851','HAKKARİ','MUHASEBE MÜDÜRLÜĞÜ');
Insert into EGITIM.MUDURLUK (MUDURLUK_KODU,IL_ADI,MUDURLUK_ADI) values ('6109','ANKARA','HUKUK');
Insert into EGITIM.MUDURLUK (MUDURLUK_KODU,IL_ADI,MUDURLUK_ADI) values ('11450','MERSİN (İÇEL)','HUKUK İŞLERİ MÜDÜRLÜĞÜ');
Insert into EGITIM.MUDURLUK (MUDURLUK_KODU,IL_ADI,MUDURLUK_ADI) values ('8115','SİVAS','BİLGİ İŞLEM');
Insert into EGITIM.MUDURLUK (MUDURLUK_KODU,IL_ADI,MUDURLUK_ADI) values ('10232','SİVAS','SİVAS');
Insert into EGITIM.MUDURLUK (MUDURLUK_KODU,IL_ADI,MUDURLUK_ADI) values ('12469','TOKAT','TOKAT İL MÜDÜRLÜĞÜ');
Insert into EGITIM.MUDURLUK (MUDURLUK_KODU,IL_ADI,MUDURLUK_ADI) values ('8831','TOKAT','MUHASEBE MÜDÜRLÜĞÜ');
Insert into EGITIM.MUDURLUK (MUDURLUK_KODU,IL_ADI,MUDURLUK_ADI) values ('12014','ORDU','HUKUK UZMANLIĞI');
Insert into EGITIM.MUDURLUK (MUDURLUK_KODU,IL_ADI,MUDURLUK_ADI) values ('11740','SAMSUN','HUKUK MÜDÜRLÜĞÜ');
Insert into EGITIM.MUDURLUK (MUDURLUK_KODU,IL_ADI,MUDURLUK_ADI) values ('4870','ZONGULDAK','FİNANS TEDARİK ZİNCİRİ');
Insert into EGITIM.MUDURLUK (MUDURLUK_KODU,IL_ADI,MUDURLUK_ADI) values ('10851','KIRKLARELİ','HUKUK MÜDÜRLÜĞÜ');
Insert into EGITIM.MUDURLUK (MUDURLUK_KODU,IL_ADI,MUDURLUK_ADI) values ('6742','KIRKLARELİ','FİNANS VE TEDARİK ZİNCİRİ UZMA');
Insert into EGITIM.MUDURLUK (MUDURLUK_KODU,IL_ADI,MUDURLUK_ADI) values ('9013','KONYA','MİM MÜDÜRLÜĞÜ');
Insert into EGITIM.MUDURLUK (MUDURLUK_KODU,IL_ADI,MUDURLUK_ADI) values ('9060','KONYA','MUHASEBE MÜDÜRLÜĞÜ');
Insert into EGITIM.MUDURLUK (MUDURLUK_KODU,IL_ADI,MUDURLUK_ADI) values ('13009','MALATYA','BİLGİ İŞLEM MÜDÜRLÜĞÜ');
Insert into EGITIM.MUDURLUK (MUDURLUK_KODU,IL_ADI,MUDURLUK_ADI) values ('10042','ORDU','MUHASEBE MÜDÜRLÜĞÜ');
Insert into EGITIM.MUDURLUK (MUDURLUK_KODU,IL_ADI,MUDURLUK_ADI) values ('10059','GİRESUN','FİNANS-TEDARİK ZİNCİRİ UZMANLI');
Insert into EGITIM.MUDURLUK (MUDURLUK_KODU,IL_ADI,MUDURLUK_ADI) values ('9063','GİRESUN','HUKUK İŞLERİ UZMANLIĞI');
Insert into EGITIM.MUDURLUK (MUDURLUK_KODU,IL_ADI,MUDURLUK_ADI) values ('11308','TRABZON','HUKUK MÜDÜRLÜĞÜ');
Insert into EGITIM.MUDURLUK (MUDURLUK_KODU,IL_ADI,MUDURLUK_ADI) values ('9941','MUĞLA','İL_SANTRALLER_MÜDÜRLÜĞÜ');
Insert into EGITIM.MUDURLUK (MUDURLUK_KODU,IL_ADI,MUDURLUK_ADI) values ('9578','MUĞLA','İL_ERİŞİM ŞEBEKELERİ MÜDÜRLÜĞÜ');
Insert into EGITIM.MUDURLUK (MUDURLUK_KODU,IL_ADI,MUDURLUK_ADI) values ('6592','MUĞLA','İL_TRANSMİSYON_MÜDÜRLÜĞÜ');
Insert into EGITIM.MUDURLUK (MUDURLUK_KODU,IL_ADI,MUDURLUK_ADI) values ('7807','MUĞLA','MUHASEBE İL MÜDÜRLÜĞÜ');
Insert into EGITIM.MUDURLUK (MUDURLUK_KODU,IL_ADI,MUDURLUK_ADI) values ('11815','MUĞLA','MUĞLA İL MÜDÜRLÜĞÜ');
Insert into EGITIM.MUDURLUK (MUDURLUK_KODU,IL_ADI,MUDURLUK_ADI) values ('7474','ARTVİN','ERISIM');
Insert into EGITIM.MUDURLUK (MUDURLUK_KODU,IL_ADI,MUDURLUK_ADI) values ('10776','ARTVİN','ÇORUH-FTTX');
Insert into EGITIM.MUDURLUK (MUDURLUK_KODU,IL_ADI,MUDURLUK_ADI) values ('9684','TEKİRDAĞ','MUHASEBE');
Insert into EGITIM.MUDURLUK (MUDURLUK_KODU,IL_ADI,MUDURLUK_ADI) values ('15076','ANTALYA','GUNEY1 BOLGE');
Insert into EGITIM.MUDURLUK (MUDURLUK_KODU,IL_ADI,MUDURLUK_ADI) values ('14567','AFYON','OPERASYON MÜDÜRLÜĞÜ');
Insert into EGITIM.MUDURLUK (MUDURLUK_KODU,IL_ADI,MUDURLUK_ADI) values ('18501','KIBRIS','KIBRIS');
Insert into EGITIM.MUDURLUK (MUDURLUK_KODU,IL_ADI,MUDURLUK_ADI) values ('7034','ADANA','CEYHAN');
Insert into EGITIM.MUDURLUK (MUDURLUK_KODU,IL_ADI,MUDURLUK_ADI) values ('2449','ADANA','MAHFESIĞMAZ');
Insert into EGITIM.MUDURLUK (MUDURLUK_KODU,IL_ADI,MUDURLUK_ADI) values ('3946','ADANA','SEYHAN');
Insert into EGITIM.MUDURLUK (MUDURLUK_KODU,IL_ADI,MUDURLUK_ADI) values ('4276','ADANA','YÜREĞİR');
Insert into EGITIM.MUDURLUK (MUDURLUK_KODU,IL_ADI,MUDURLUK_ADI) values ('6736','SAKARYA','SAKARYA İL MÜDÜRLÜĞÜ');
Insert into EGITIM.MUDURLUK (MUDURLUK_KODU,IL_ADI,MUDURLUK_ADI) values ('3449','ADIYAMAN','İL MÜDÜRLÜK MERKEZ');
Insert into EGITIM.MUDURLUK (MUDURLUK_KODU,IL_ADI,MUDURLUK_ADI) values ('6709','AFYON','AFYONKARAHİSAR İL MÜDÜRLÜĞÜ');
Insert into EGITIM.MUDURLUK (MUDURLUK_KODU,IL_ADI,MUDURLUK_ADI) values ('3758','AĞRI','AĞRI İL MÜDÜRLÜĞÜ');
Insert into EGITIM.MUDURLUK (MUDURLUK_KODU,IL_ADI,MUDURLUK_ADI) values ('3060','AKSARAY','AKSARAY İL MÜDÜRLÜĞÜ');
Insert into EGITIM.MUDURLUK (MUDURLUK_KODU,IL_ADI,MUDURLUK_ADI) values ('5145','AMASYA','MERZİFON');
Insert into EGITIM.MUDURLUK (MUDURLUK_KODU,IL_ADI,MUDURLUK_ADI) values ('1331','AMASYA','YEŞİLIRMAK');
Insert into EGITIM.MUDURLUK (MUDURLUK_KODU,IL_ADI,MUDURLUK_ADI) values ('7897','ANKARA','BAHÇELİEVLER');
Insert into EGITIM.MUDURLUK (MUDURLUK_KODU,IL_ADI,MUDURLUK_ADI) values ('1659','ANKARA','DİKMEN');
Insert into EGITIM.MUDURLUK (MUDURLUK_KODU,IL_ADI,MUDURLUK_ADI) values ('1041','ANKARA','İNCESU');
Insert into EGITIM.MUDURLUK (MUDURLUK_KODU,IL_ADI,MUDURLUK_ADI) values ('5383','ANKARA','KEÇİÖREN');
Insert into EGITIM.MUDURLUK (MUDURLUK_KODU,IL_ADI,MUDURLUK_ADI) values ('3578','ANKARA','POLATLI');
Insert into EGITIM.MUDURLUK (MUDURLUK_KODU,IL_ADI,MUDURLUK_ADI) values ('8863','ANKARA','SİNCAN');
Insert into EGITIM.MUDURLUK (MUDURLUK_KODU,IL_ADI,MUDURLUK_ADI) values ('1447','ANKARA','ULUS');
Insert into EGITIM.MUDURLUK (MUDURLUK_KODU,IL_ADI,MUDURLUK_ADI) values ('8022','ANKARA','YENİMAHALLE');
Insert into EGITIM.MUDURLUK (MUDURLUK_KODU,IL_ADI,MUDURLUK_ADI) values ('2784','ANKARA','YENİŞEHİR');
Insert into EGITIM.MUDURLUK (MUDURLUK_KODU,IL_ADI,MUDURLUK_ADI) values ('4115','ANTALYA','ALANYA');
Insert into EGITIM.MUDURLUK (MUDURLUK_KODU,IL_ADI,MUDURLUK_ADI) values ('1108','ANTALYA','GÜLLÜK');
Insert into EGITIM.MUDURLUK (MUDURLUK_KODU,IL_ADI,MUDURLUK_ADI) values ('1164','ANTALYA','KIZILTOPRAK');
Insert into EGITIM.MUDURLUK (MUDURLUK_KODU,IL_ADI,MUDURLUK_ADI) values ('1146','ANTALYA','MANAVGAT');
Insert into EGITIM.MUDURLUK (MUDURLUK_KODU,IL_ADI,MUDURLUK_ADI) values ('9009','ARDAHAN','ARDAHAN İL MÜDÜRLÜĞÜ');
Insert into EGITIM.MUDURLUK (MUDURLUK_KODU,IL_ADI,MUDURLUK_ADI) values ('8391','ARTVİN','ARTVİN');
Insert into EGITIM.MUDURLUK (MUDURLUK_KODU,IL_ADI,MUDURLUK_ADI) values ('3496','AYDIN','ÇARŞI');
Insert into EGITIM.MUDURLUK (MUDURLUK_KODU,IL_ADI,MUDURLUK_ADI) values ('2410','AYDIN','KUŞADASI');
Insert into EGITIM.MUDURLUK (MUDURLUK_KODU,IL_ADI,MUDURLUK_ADI) values ('6920','AYDIN','NAZİLLİ');
Insert into EGITIM.MUDURLUK (MUDURLUK_KODU,IL_ADI,MUDURLUK_ADI) values ('7314','AYDIN','SÖKE');
Insert into EGITIM.MUDURLUK (MUDURLUK_KODU,IL_ADI,MUDURLUK_ADI) values ('4811','BİLECİK','BİLECİK İL MÜDÜRLÜĞÜ');
Insert into EGITIM.MUDURLUK (MUDURLUK_KODU,IL_ADI,MUDURLUK_ADI) values ('5239','BALIKESİR','ALTI EYLÜL MÜD.');
Insert into EGITIM.MUDURLUK (MUDURLUK_KODU,IL_ADI,MUDURLUK_ADI) values ('8084','BALIKESİR','BANDIRMA MÜD.');
Insert into EGITIM.MUDURLUK (MUDURLUK_KODU,IL_ADI,MUDURLUK_ADI) values ('9017','BALIKESİR','EDREMİT MÜD.');
Insert into EGITIM.MUDURLUK (MUDURLUK_KODU,IL_ADI,MUDURLUK_ADI) values ('5137','BİNGÖL','BİNGÖL İL MÜDÜRLÜĞÜ');
Insert into EGITIM.MUDURLUK (MUDURLUK_KODU,IL_ADI,MUDURLUK_ADI) values ('2392','DÜZCE','DÜZCE');
Insert into EGITIM.MUDURLUK (MUDURLUK_KODU,IL_ADI,MUDURLUK_ADI) values ('6194','BURDUR','İL MÜDÜRLÜĞÜ');
Insert into EGITIM.MUDURLUK (MUDURLUK_KODU,IL_ADI,MUDURLUK_ADI) values ('5379','BURSA','GençOsman');
Insert into EGITIM.MUDURLUK (MUDURLUK_KODU,IL_ADI,MUDURLUK_ADI) values ('6076','BURSA','İNEGÖL');
Insert into EGITIM.MUDURLUK (MUDURLUK_KODU,IL_ADI,MUDURLUK_ADI) values ('8789','BURSA','SETBAŞI');
Insert into EGITIM.MUDURLUK (MUDURLUK_KODU,IL_ADI,MUDURLUK_ADI) values ('5367','BARTIN','BARTIN İL MÜDÜRLÜĞÜ');
Insert into EGITIM.MUDURLUK (MUDURLUK_KODU,IL_ADI,MUDURLUK_ADI) values ('2927','BİTLİS','KALE');
Insert into EGITIM.MUDURLUK (MUDURLUK_KODU,IL_ADI,MUDURLUK_ADI) values ('5367','BATMAN','BATMAN İL MÜDÜRLÜĞÜ');
Insert into EGITIM.MUDURLUK (MUDURLUK_KODU,IL_ADI,MUDURLUK_ADI) values ('3199','BAYBURT','BAYBURT İL');
Insert into EGITIM.MUDURLUK (MUDURLUK_KODU,IL_ADI,MUDURLUK_ADI) values ('5095','ÇANKIRI','KARATEKİN MÜDÜRLÜĞÜ');
Insert into EGITIM.MUDURLUK (MUDURLUK_KODU,IL_ADI,MUDURLUK_ADI) values ('8869','ÇANAKKALE','BİGA');
Insert into EGITIM.MUDURLUK (MUDURLUK_KODU,IL_ADI,MUDURLUK_ADI) values ('3516','ÇANAKKALE','18 MART ');
Insert into EGITIM.MUDURLUK (MUDURLUK_KODU,IL_ADI,MUDURLUK_ADI) values ('7764','DENİZLİ','ERİŞİM YTR. VE OPERASYON MÜD.');
Insert into EGITIM.MUDURLUK (MUDURLUK_KODU,IL_ADI,MUDURLUK_ADI) values ('3525','DİYARBAKIR','BAĞLAR');
Insert into EGITIM.MUDURLUK (MUDURLUK_KODU,IL_ADI,MUDURLUK_ADI) values ('1250','DİYARBAKIR','SURİÇİ');
Insert into EGITIM.MUDURLUK (MUDURLUK_KODU,IL_ADI,MUDURLUK_ADI) values ('4863','ELAZIĞ','HARPUT');
Insert into EGITIM.MUDURLUK (MUDURLUK_KODU,IL_ADI,MUDURLUK_ADI) values ('8679','ERZİNCAN','ERZİNCAN İL MÜDÜRLÜĞÜ');
Insert into EGITIM.MUDURLUK (MUDURLUK_KODU,IL_ADI,MUDURLUK_ADI) values ('7071','ERZURUM','DOĞU I BÖLGE MÜDÜRLÜĞÜ');
Insert into EGITIM.MUDURLUK (MUDURLUK_KODU,IL_ADI,MUDURLUK_ADI) values ('1868','ESKİŞEHİR','İKİ EYLÜL MÜDÜRLÜĞÜ');
Insert into EGITIM.MUDURLUK (MUDURLUK_KODU,IL_ADI,MUDURLUK_ADI) values ('6469','ESKİŞEHİR','YUNUSEMRE');
Insert into EGITIM.MUDURLUK (MUDURLUK_KODU,IL_ADI,MUDURLUK_ADI) values ('5712','GÜMÜŞHANE','GÜMÜŞHANE İL MÜDÜRLÜĞÜ');
Insert into EGITIM.MUDURLUK (MUDURLUK_KODU,IL_ADI,MUDURLUK_ADI) values ('4680','GİRESUN','GİRESUN İL MÜDÜRLÜĞÜ');
Insert into EGITIM.MUDURLUK (MUDURLUK_KODU,IL_ADI,MUDURLUK_ADI) values ('1787','GAZİANTEP','NİZİP');
Insert into EGITIM.MUDURLUK (MUDURLUK_KODU,IL_ADI,MUDURLUK_ADI) values ('2542','GAZİANTEP','ŞAHİNBEY');
Insert into EGITIM.MUDURLUK (MUDURLUK_KODU,IL_ADI,MUDURLUK_ADI) values ('8018','GAZİANTEP','ŞEHİT KAMİL');
Insert into EGITIM.MUDURLUK (MUDURLUK_KODU,IL_ADI,MUDURLUK_ADI) values ('2165','HAKKARİ','HAKKARİ İL MÜDÜRLÜĞÜ');
Insert into EGITIM.MUDURLUK (MUDURLUK_KODU,IL_ADI,MUDURLUK_ADI) values ('5183','HATAY','İSKENDERUN');
Insert into EGITIM.MUDURLUK (MUDURLUK_KODU,IL_ADI,MUDURLUK_ADI) values ('5487','IĞDIR','IĞDIR İL MÜDÜRLÜĞÜ');
Insert into EGITIM.MUDURLUK (MUDURLUK_KODU,IL_ADI,MUDURLUK_ADI) values ('1308','ISPARTA','YALVAÇ');
Insert into EGITIM.MUDURLUK (MUDURLUK_KODU,IL_ADI,MUDURLUK_ADI) values ('4639','ISPARTA','HALIKENT');
Insert into EGITIM.MUDURLUK (MUDURLUK_KODU,IL_ADI,MUDURLUK_ADI) values ('6251','İSTANBUL AND','ERENKÖY');
Insert into EGITIM.MUDURLUK (MUDURLUK_KODU,IL_ADI,MUDURLUK_ADI) values ('1778','İSTANBUL AND','KADIKÖY');
Insert into EGITIM.MUDURLUK (MUDURLUK_KODU,IL_ADI,MUDURLUK_ADI) values ('8669','İSTANBUL AND','KÜÇÜKYALI');
Insert into EGITIM.MUDURLUK (MUDURLUK_KODU,IL_ADI,MUDURLUK_ADI) values ('8666','İSTANBUL AND','PENDİK');
Insert into EGITIM.MUDURLUK (MUDURLUK_KODU,IL_ADI,MUDURLUK_ADI) values ('5826','İSTANBUL AND','ÜMRANİYE');
Insert into EGITIM.MUDURLUK (MUDURLUK_KODU,IL_ADI,MUDURLUK_ADI) values ('1960','İSTANBUL AND','ÜSKÜDAR');
Insert into EGITIM.MUDURLUK (MUDURLUK_KODU,IL_ADI,MUDURLUK_ADI) values ('7161','İSTANBUL AVR.','AVCILAR');
Insert into EGITIM.MUDURLUK (MUDURLUK_KODU,IL_ADI,MUDURLUK_ADI) values ('6324','İSTANBUL AVR.','BAĞCILAR');
Insert into EGITIM.MUDURLUK (MUDURLUK_KODU,IL_ADI,MUDURLUK_ADI) values ('5212','İSTANBUL AVR.','BAHÇELİEVLER');
Insert into EGITIM.MUDURLUK (MUDURLUK_KODU,IL_ADI,MUDURLUK_ADI) values ('9041','İSTANBUL AVR.','BAKIRKÖY');
Insert into EGITIM.MUDURLUK (MUDURLUK_KODU,IL_ADI,MUDURLUK_ADI) values ('3669','İSTANBUL AVR.','BAYRAMPAŞA (ESENLER)');
Insert into EGITIM.MUDURLUK (MUDURLUK_KODU,IL_ADI,MUDURLUK_ADI) values ('1450','İSTANBUL AVR.','BEBEK');
Insert into EGITIM.MUDURLUK (MUDURLUK_KODU,IL_ADI,MUDURLUK_ADI) values ('7159','İSTANBUL AVR.','BEYOĞLU');
Insert into EGITIM.MUDURLUK (MUDURLUK_KODU,IL_ADI,MUDURLUK_ADI) values ('6024','İSTANBUL AVR.','BÜYÜKÇEKMECE');
Insert into EGITIM.MUDURLUK (MUDURLUK_KODU,IL_ADI,MUDURLUK_ADI) values ('2662','İSTANBUL AVR.','EMİNÖNÜ MÜDÜRLÜĞÜ');
Insert into EGITIM.MUDURLUK (MUDURLUK_KODU,IL_ADI,MUDURLUK_ADI) values ('3237','İSTANBUL AVR.','FATİH');
Insert into EGITIM.MUDURLUK (MUDURLUK_KODU,IL_ADI,MUDURLUK_ADI) values ('3176','İSTANBUL AVR.','GAYRETTEPE');
Insert into EGITIM.MUDURLUK (MUDURLUK_KODU,IL_ADI,MUDURLUK_ADI) values ('4488','İSTANBUL AVR.','GAZİOSMANPAŞA');
Insert into EGITIM.MUDURLUK (MUDURLUK_KODU,IL_ADI,MUDURLUK_ADI) values ('3308','İSTANBUL AVR.','GÖRÜNTÜLÜ TELEFON');
Insert into EGITIM.MUDURLUK (MUDURLUK_KODU,IL_ADI,MUDURLUK_ADI) values ('8949','İZMİR','İZMİR BAHÇELİEVLER');
Insert into EGITIM.MUDURLUK (MUDURLUK_KODU,IL_ADI,MUDURLUK_ADI) values ('6482','İZMİR','İZMİR BERGAMA');
Insert into EGITIM.MUDURLUK (MUDURLUK_KODU,IL_ADI,MUDURLUK_ADI) values ('1843','İZMİR','BORNOVA');
Insert into EGITIM.MUDURLUK (MUDURLUK_KODU,IL_ADI,MUDURLUK_ADI) values ('6065','İZMİR','İZMİR SAHİL');
Insert into EGITIM.MUDURLUK (MUDURLUK_KODU,IL_ADI,MUDURLUK_ADI) values ('4742','İZMİR','İZMİR KARABAĞLAR');
Insert into EGITIM.MUDURLUK (MUDURLUK_KODU,IL_ADI,MUDURLUK_ADI) values ('7728','İZMİR','İZMİR KARŞIYAKA');
Insert into EGITIM.MUDURLUK (MUDURLUK_KODU,IL_ADI,MUDURLUK_ADI) values ('4387','İZMİR','İZMİR KONAK');
Insert into EGITIM.MUDURLUK (MUDURLUK_KODU,IL_ADI,MUDURLUK_ADI) values ('7231','İZMİR','İZMİR ÖDEMİŞ');
Insert into EGITIM.MUDURLUK (MUDURLUK_KODU,IL_ADI,MUDURLUK_ADI) values ('4960','İZMİR','İZMİR ÇEŞME (YARIMADA)');
Insert into EGITIM.MUDURLUK (MUDURLUK_KODU,IL_ADI,MUDURLUK_ADI) values ('1840','İZMİR','İZMİR YENİŞEHİR');
Insert into EGITIM.MUDURLUK (MUDURLUK_KODU,IL_ADI,MUDURLUK_ADI) values ('3220','KOCAELİ','ALEMDAR');
Insert into EGITIM.MUDURLUK (MUDURLUK_KODU,IL_ADI,MUDURLUK_ADI) values ('8990','KOCAELİ','GEBZE');
Insert into EGITIM.MUDURLUK (MUDURLUK_KODU,IL_ADI,MUDURLUK_ADI) values ('8434','KOCAELİ','GÖLCÜK');
Insert into EGITIM.MUDURLUK (MUDURLUK_KODU,IL_ADI,MUDURLUK_ADI) values ('5856','KARS','KARS İL MÜDÜRLÜĞÜ');
Insert into EGITIM.MUDURLUK (MUDURLUK_KODU,IL_ADI,MUDURLUK_ADI) values ('8520','KİLİS','KİLİS');
Insert into EGITIM.MUDURLUK (MUDURLUK_KODU,IL_ADI,MUDURLUK_ADI) values ('6242','KAHRAMANMARAŞ','ELBİSTAN İŞLETME UZMANLIĞI');
Insert into EGITIM.MUDURLUK (MUDURLUK_KODU,IL_ADI,MUDURLUK_ADI) values ('8703','KONYA','AKŞEHİR');
Insert into EGITIM.MUDURLUK (MUDURLUK_KODU,IL_ADI,MUDURLUK_ADI) values ('1664','KONYA','BEYŞEHİR');
Insert into EGITIM.MUDURLUK (MUDURLUK_KODU,IL_ADI,MUDURLUK_ADI) values ('6550','KONYA','CİHANBEYLİ');
Insert into EGITIM.MUDURLUK (MUDURLUK_KODU,IL_ADI,MUDURLUK_ADI) values ('1504','KONYA','EREĞLİ');
Insert into EGITIM.MUDURLUK (MUDURLUK_KODU,IL_ADI,MUDURLUK_ADI) values ('4878','KONYA','ILGIN(KAPANDI)');
Insert into EGITIM.MUDURLUK (MUDURLUK_KODU,IL_ADI,MUDURLUK_ADI) values ('3321','KONYA','MEVLANA');
Insert into EGITIM.MUDURLUK (MUDURLUK_KODU,IL_ADI,MUDURLUK_ADI) values ('7493','KONYA','SELÇUKLU(KAPANDI)');
Insert into EGITIM.MUDURLUK (MUDURLUK_KODU,IL_ADI,MUDURLUK_ADI) values ('7999','KARABÜK','İL MÜDÜRLÜĞÜ');
Insert into EGITIM.MUDURLUK (MUDURLUK_KODU,IL_ADI,MUDURLUK_ADI) values ('3464','KIRIKKALE','CUMHURİYET');
Insert into EGITIM.MUDURLUK (MUDURLUK_KODU,IL_ADI,MUDURLUK_ADI) values ('7343','KIRKLARELİ','KIRKLARELİ İL MÜDÜRLÜĞÜ');
Insert into EGITIM.MUDURLUK (MUDURLUK_KODU,IL_ADI,MUDURLUK_ADI) values ('6885','KARAMAN','KARAMAN');
Insert into EGITIM.MUDURLUK (MUDURLUK_KODU,IL_ADI,MUDURLUK_ADI) values ('3931','KIRŞEHİR','KIRŞEHİR İL MÜDÜRLÜĞÜ');
Insert into EGITIM.MUDURLUK (MUDURLUK_KODU,IL_ADI,MUDURLUK_ADI) values ('5999','KAYSERİ','AYDINLIKEVLER');
Insert into EGITIM.MUDURLUK (MUDURLUK_KODU,IL_ADI,MUDURLUK_ADI) values ('2293','KAYSERİ','ERCİYES MÜDÜRLÜĞÜ');
Insert into EGITIM.MUDURLUK (MUDURLUK_KODU,IL_ADI,MUDURLUK_ADI) values ('2080','MUĞLA','BODRUM MÜDÜRLÜĞÜ');
Insert into EGITIM.MUDURLUK (MUDURLUK_KODU,IL_ADI,MUDURLUK_ADI) values ('2630','MUĞLA','FETHİYE MÜDÜRLÜĞÜ');
Insert into EGITIM.MUDURLUK (MUDURLUK_KODU,IL_ADI,MUDURLUK_ADI) values ('6293','MUĞLA','MUĞLA İL MÜDÜRLÜĞÜ');
Insert into EGITIM.MUDURLUK (MUDURLUK_KODU,IL_ADI,MUDURLUK_ADI) values ('6335','MUĞLA','MARMARİS MÜDÜRLÜĞÜ');
Insert into EGITIM.MUDURLUK (MUDURLUK_KODU,IL_ADI,MUDURLUK_ADI) values ('8342','MUĞLA','MİLAS MÜDÜRLÜĞÜ');
Insert into EGITIM.MUDURLUK (MUDURLUK_KODU,IL_ADI,MUDURLUK_ADI) values ('4940','MALATYA','MALATYA İL MÜDÜRLÜĞÜ');
Insert into EGITIM.MUDURLUK (MUDURLUK_KODU,IL_ADI,MUDURLUK_ADI) values ('5125','MANİSA','AKHİSAR');
Insert into EGITIM.MUDURLUK (MUDURLUK_KODU,IL_ADI,MUDURLUK_ADI) values ('6858','MANİSA','MESİR MÜDÜRLÜĞÜ');
Insert into EGITIM.MUDURLUK (MUDURLUK_KODU,IL_ADI,MUDURLUK_ADI) values ('4584','MANİSA','SALİHLİ');
Insert into EGITIM.MUDURLUK (MUDURLUK_KODU,IL_ADI,MUDURLUK_ADI) values ('6623','MARDİN','DİYARBAKIRKAPI');
Insert into EGITIM.MUDURLUK (MUDURLUK_KODU,IL_ADI,MUDURLUK_ADI) values ('4136','MERSİN (İÇEL)','MEZİTLİ');
Insert into EGITIM.MUDURLUK (MUDURLUK_KODU,IL_ADI,MUDURLUK_ADI) values ('7107','MERSİN (İÇEL)','SİLİFKE');
Insert into EGITIM.MUDURLUK (MUDURLUK_KODU,IL_ADI,MUDURLUK_ADI) values ('5713','MERSİN (İÇEL)','TARSUS ');
Insert into EGITIM.MUDURLUK (MUDURLUK_KODU,IL_ADI,MUDURLUK_ADI) values ('2021','MUŞ','TEK. İŞL. VE YAT. MÜD.');
Insert into EGITIM.MUDURLUK (MUDURLUK_KODU,IL_ADI,MUDURLUK_ADI) values ('8513','NİĞDE','YENİCE');
Insert into EGITIM.MUDURLUK (MUDURLUK_KODU,IL_ADI,MUDURLUK_ADI) values ('5783','NEVŞEHİR','NEVŞEHİR İL MÜDÜRLÜĞÜ');
Insert into EGITIM.MUDURLUK (MUDURLUK_KODU,IL_ADI,MUDURLUK_ADI) values ('6642','ORDU','FATSA');
Insert into EGITIM.MUDURLUK (MUDURLUK_KODU,IL_ADI,MUDURLUK_ADI) values ('6812','ORDU','ÜNYE');
Insert into EGITIM.MUDURLUK (MUDURLUK_KODU,IL_ADI,MUDURLUK_ADI) values ('6637','ORDU','ONDOKUZ EYLÜL');
Insert into EGITIM.MUDURLUK (MUDURLUK_KODU,IL_ADI,MUDURLUK_ADI) values ('8159','OSMANİYE','OSMANİYE İL MÜDÜRLÜĞÜ');
Insert into EGITIM.MUDURLUK (MUDURLUK_KODU,IL_ADI,MUDURLUK_ADI) values ('3688','OSMANİYE','OSMANİYE');
Insert into EGITIM.MUDURLUK (MUDURLUK_KODU,IL_ADI,MUDURLUK_ADI) values ('7000','RİZE','RİZE İL MÜDÜRLÜĞÜ');
Insert into EGITIM.MUDURLUK (MUDURLUK_KODU,IL_ADI,MUDURLUK_ADI) values ('6753','SİİRT','SİİRT İL MÜDÜRLÜĞÜ');
Insert into EGITIM.MUDURLUK (MUDURLUK_KODU,IL_ADI,MUDURLUK_ADI) values ('1744','SAMSUN','BAFRA TLK.İŞL.UZMANLIĞI');
Insert into EGITIM.MUDURLUK (MUDURLUK_KODU,IL_ADI,MUDURLUK_ADI) values ('7891','SAMSUN','İLKADIM');
Insert into EGITIM.MUDURLUK (MUDURLUK_KODU,IL_ADI,MUDURLUK_ADI) values ('8889','SAMSUN','CANİK');
Insert into EGITIM.MUDURLUK (MUDURLUK_KODU,IL_ADI,MUDURLUK_ADI) values ('8128','SİNOP','BOYABAT');
Insert into EGITIM.MUDURLUK (MUDURLUK_KODU,IL_ADI,MUDURLUK_ADI) values ('3890','SİNOP','SİNOP İL MÜDÜRLÜĞÜ');
Insert into EGITIM.MUDURLUK (MUDURLUK_KODU,IL_ADI,MUDURLUK_ADI) values ('7612','SİVAS','SİVAS İL MÜDÜRLÜĞÜ');
Insert into EGITIM.MUDURLUK (MUDURLUK_KODU,IL_ADI,MUDURLUK_ADI) values ('4664','ŞIRNAK','ŞIRNAK İL MÜDÜRLÜĞÜ');
Insert into EGITIM.MUDURLUK (MUDURLUK_KODU,IL_ADI,MUDURLUK_ADI) values ('5616','ŞANLIURFA','SİVEREK');
Insert into EGITIM.MUDURLUK (MUDURLUK_KODU,IL_ADI,MUDURLUK_ADI) values ('8245','ŞANLIURFA','YENİŞEHIR');
Insert into EGITIM.MUDURLUK (MUDURLUK_KODU,IL_ADI,MUDURLUK_ADI) values ('6524','TEKİRDAĞ','ÇORLU');
Insert into EGITIM.MUDURLUK (MUDURLUK_KODU,IL_ADI,MUDURLUK_ADI) values ('7066','TEKİRDAĞ','TEKİRDAĞ İL MÜDÜRLÜĞÜ');
Insert into EGITIM.MUDURLUK (MUDURLUK_KODU,IL_ADI,MUDURLUK_ADI) values ('8263','TOKAT','TURHAL');
Insert into EGITIM.MUDURLUK (MUDURLUK_KODU,IL_ADI,MUDURLUK_ADI) values ('4304','TUNCELİ','TUNCELİ İL MÜDÜRLÜĞÜ');
Insert into EGITIM.MUDURLUK (MUDURLUK_KODU,IL_ADI,MUDURLUK_ADI) values ('1909','TRABZON','KANUNİ');
Insert into EGITIM.MUDURLUK (MUDURLUK_KODU,IL_ADI,MUDURLUK_ADI) values ('6305','UŞAK','KURTULUŞ');
Insert into EGITIM.MUDURLUK (MUDURLUK_KODU,IL_ADI,MUDURLUK_ADI) values ('6673','VAN','VAN İL MÜDÜRLÜĞÜ');
Insert into EGITIM.MUDURLUK (MUDURLUK_KODU,IL_ADI,MUDURLUK_ADI) values ('3790','YALOVA','YALOVA');
Insert into EGITIM.MUDURLUK (MUDURLUK_KODU,IL_ADI,MUDURLUK_ADI) values ('3762','YOZGAT','YOZGAT İL MÜDÜRLÜĞÜ');
Insert into EGITIM.MUDURLUK (MUDURLUK_KODU,IL_ADI,MUDURLUK_ADI) values ('7694','ZONGULDAK','ZONGULDAK İL MÜDÜRLÜĞÜ');
Insert into EGITIM.MUDURLUK (MUDURLUK_KODU,IL_ADI,MUDURLUK_ADI) values ('3184','ZONGULDAK','KARADENİZ EREĞLİ');
Insert into EGITIM.MUDURLUK (MUDURLUK_KODU,IL_ADI,MUDURLUK_ADI) values ('2446','BURSA','NİLÜFER');
Insert into EGITIM.MUDURLUK (MUDURLUK_KODU,IL_ADI,MUDURLUK_ADI) values ('4311','MERSİN (İÇEL)','TOROSLAR ');
Insert into EGITIM.MUDURLUK (MUDURLUK_KODU,IL_ADI,MUDURLUK_ADI) values ('8022','İZMİR','ÇİĞLİ');
Insert into EGITIM.MUDURLUK (MUDURLUK_KODU,IL_ADI,MUDURLUK_ADI) values ('5053','MERSİN (İÇEL)','ERDEMLİ');
Insert into EGITIM.MUDURLUK (MUDURLUK_KODU,IL_ADI,MUDURLUK_ADI) values ('5727','TRABZON','AKÇAABAT');
Insert into EGITIM.MUDURLUK (MUDURLUK_KODU,IL_ADI,MUDURLUK_ADI) values ('6417','ANTALYA','KUMLUCA');
Insert into EGITIM.MUDURLUK (MUDURLUK_KODU,IL_ADI,MUDURLUK_ADI) values ('1486','KIRKLARELİ','LÜLEBURGAZ');
Insert into EGITIM.MUDURLUK (MUDURLUK_KODU,IL_ADI,MUDURLUK_ADI) values ('1845','BURSA','M.KEMALPAŞA');
Insert into EGITIM.MUDURLUK (MUDURLUK_KODU,IL_ADI,MUDURLUK_ADI) values ('2426','İSTANBUL AVR.','İKİTELLİ');
Insert into EGITIM.MUDURLUK (MUDURLUK_KODU,IL_ADI,MUDURLUK_ADI) values ('5332','KIRKLARELİ','İPTAL');
Insert into EGITIM.MUDURLUK (MUDURLUK_KODU,IL_ADI,MUDURLUK_ADI) values ('9136','ZONGULDAK','HUKUK UZM.');
Insert into EGITIM.MUDURLUK (MUDURLUK_KODU,IL_ADI,MUDURLUK_ADI) values ('6899','GAZİANTEP','BİLGİ İŞLEM MÜDÜRLÜĞÜ');
Insert into EGITIM.MUDURLUK (MUDURLUK_KODU,IL_ADI,MUDURLUK_ADI) values ('8572','MUĞLA','MUĞLA İL MÜDÜRLÜĞÜ');
Insert into EGITIM.MUDURLUK (MUDURLUK_KODU,IL_ADI,MUDURLUK_ADI) values ('1768','ANKARA','BİLGİ İŞLEM');
Insert into EGITIM.MUDURLUK (MUDURLUK_KODU,IL_ADI,MUDURLUK_ADI) values ('2136','ANKARA','GELİRLER TAKİP');
Insert into EGITIM.MUDURLUK (MUDURLUK_KODU,IL_ADI,MUDURLUK_ADI) values ('4719','ANKARA','MUHASEBE');
Insert into EGITIM.MUDURLUK (MUDURLUK_KODU,IL_ADI,MUDURLUK_ADI) values ('3650','ANKARA','KAMU SATIŞ MÜDÜRLÜĞÜ');
Insert into EGITIM.MUDURLUK (MUDURLUK_KODU,IL_ADI,MUDURLUK_ADI) values ('6397','ANKARA','TOPTAN SATIŞ MÜDÜRLÜĞÜ');
Insert into EGITIM.MUDURLUK (MUDURLUK_KODU,IL_ADI,MUDURLUK_ADI) values ('9045','GAZİANTEP','HUKUK İŞLERİ MÜD');
Insert into EGITIM.MUDURLUK (MUDURLUK_KODU,IL_ADI,MUDURLUK_ADI) values ('3030','KIRŞEHİR','HATA');
Insert into EGITIM.MUDURLUK (MUDURLUK_KODU,IL_ADI,MUDURLUK_ADI) values ('3678','GAZİANTEP','MUHASEBE MÜDÜRLÜĞÜ');
Insert into EGITIM.MUDURLUK (MUDURLUK_KODU,IL_ADI,MUDURLUK_ADI) values ('1681','MANİSA','İL MÜDÜRLÜĞÜ');
Insert into EGITIM.MUDURLUK (MUDURLUK_KODU,IL_ADI,MUDURLUK_ADI) values ('5525','ANTALYA','ANTALYA');
Insert into EGITIM.MUDURLUK (MUDURLUK_KODU,IL_ADI,MUDURLUK_ADI) values ('5295','İSTANBUL(ANADOLU)','İSTANBUL ÇÖZÜM');
Insert into EGITIM.MUDURLUK (MUDURLUK_KODU,IL_ADI,MUDURLUK_ADI) values ('5055','ADANA','ERİŞİM MÜDÜRLÜĞÜ');

SET DEFINE OFF;
Insert into EGITIM.MUDURLUK_HEDEF (MUDURLUK_ADI,MUSTERI_SAYISI,MUSTERI_HEDEFI) values ('Adana Ceyhan','180','200');
Insert into EGITIM.MUDURLUK_HEDEF (MUDURLUK_ADI,MUSTERI_SAYISI,MUSTERI_HEDEFI) values ('Konya Selçuklu','3580','4000');
Insert into EGITIM.MUDURLUK_HEDEF (MUDURLUK_ADI,MUSTERI_SAYISI,MUSTERI_HEDEFI) values ('Ankara Çankaya','7660','7750');
Insert into EGITIM.MUDURLUK_HEDEF (MUDURLUK_ADI,MUSTERI_SAYISI,MUSTERI_HEDEFI) values ('İstanbul Ataşehir','8650','8650');
Insert into EGITIM.MUDURLUK_HEDEF (MUDURLUK_ADI,MUSTERI_SAYISI,MUSTERI_HEDEFI) values ('İzmir Bornova','565','600');
Insert into EGITIM.MUDURLUK_HEDEF (MUDURLUK_ADI,MUSTERI_SAYISI,MUSTERI_HEDEFI) values ('Karabük Safranbolu','300','300');

SET DEFINE OFF;
Insert into EGITIM.MUDURLUK_SUBE (MUDURLUK_KODU,SUBE_KODU,SUBE_ADI) values ('2165','9','Hakkari 9. Şube');
Insert into EGITIM.MUDURLUK_SUBE (MUDURLUK_KODU,SUBE_KODU,SUBE_ADI) values ('2165','6','Hakkari 1116. Şube');
Insert into EGITIM.MUDURLUK_SUBE (MUDURLUK_KODU,SUBE_KODU,SUBE_ADI) values ('2165','7','Hakkari 7. Şube');
Insert into EGITIM.MUDURLUK_SUBE (MUDURLUK_KODU,SUBE_KODU,SUBE_ADI) values ('2165','8','Hakkari 8. Şube');
Insert into EGITIM.MUDURLUK_SUBE (MUDURLUK_KODU,SUBE_KODU,SUBE_ADI) values ('1308','12','Isparta 12. Şube');
Insert into EGITIM.MUDURLUK_SUBE (MUDURLUK_KODU,SUBE_KODU,SUBE_ADI) values ('1308','15','Isparta 15. Şube');
Insert into EGITIM.MUDURLUK_SUBE (MUDURLUK_KODU,SUBE_KODU,SUBE_ADI) values ('4639','13','Isparta 13. Şube');
Insert into EGITIM.MUDURLUK_SUBE (MUDURLUK_KODU,SUBE_KODU,SUBE_ADI) values ('1308','16','Isparta 16. Şube');
Insert into EGITIM.MUDURLUK_SUBE (MUDURLUK_KODU,SUBE_KODU,SUBE_ADI) values ('5053','18','Mersin (İçel) 18. Şube');
Insert into EGITIM.MUDURLUK_SUBE (MUDURLUK_KODU,SUBE_KODU,SUBE_ADI) values ('7107','19','Mersin (İçel) 19. Şube');
Insert into EGITIM.MUDURLUK_SUBE (MUDURLUK_KODU,SUBE_KODU,SUBE_ADI) values ('5713','20','Mersin (İçel) 20. Şube');
Insert into EGITIM.MUDURLUK_SUBE (MUDURLUK_KODU,SUBE_KODU,SUBE_ADI) values ('5183','10','Hatay 10. Şube');
Insert into EGITIM.MUDURLUK_SUBE (MUDURLUK_KODU,SUBE_KODU,SUBE_ADI) values ('5183','11','Hatay 11. Şube');
Insert into EGITIM.MUDURLUK_SUBE (MUDURLUK_KODU,SUBE_KODU,SUBE_ADI) values ('5183','14','Hatay 14. Şube');
Insert into EGITIM.MUDURLUK_SUBE (MUDURLUK_KODU,SUBE_KODU,SUBE_ADI) values ('4639','17','Isparta 17. Şube');
Insert into EGITIM.MUDURLUK_SUBE (MUDURLUK_KODU,SUBE_KODU,SUBE_ADI) values ('9063','3','Giresun 3. Şube');

SET DEFINE OFF;
Insert into EGITIM.PERSONEL (PERSONEL_ID,AD,SOYAD,MAAS,GIRIS_TARIHI,CIKIS_TARIHI,SEMT,PRIM,UNVAN,IZIN_GUNU,YONETICI_ID,KONUM_ID,DEPT_ID) values ('5000','HALİL İBRAHİM','ERDAL','2100,45',to_date('21/08/2010','DD/MM/RRRR'),null,'ÜMRANİYE','100','MÜHENDİS','13','919',null,'112');
Insert into EGITIM.PERSONEL (PERSONEL_ID,AD,SOYAD,MAAS,GIRIS_TARIHI,CIKIS_TARIHI,SEMT,PRIM,UNVAN,IZIN_GUNU,YONETICI_ID,KONUM_ID,DEPT_ID) values ('5001','SERKAN','ALTUNANAHTAR','2917,13',to_date('30/05/2010','DD/MM/RRRR'),null,'ÖVEÇLER','125','MÜHENDİS','11','950','2','102');
Insert into EGITIM.PERSONEL (PERSONEL_ID,AD,SOYAD,MAAS,GIRIS_TARIHI,CIKIS_TARIHI,SEMT,PRIM,UNVAN,IZIN_GUNU,YONETICI_ID,KONUM_ID,DEPT_ID) values ('5002','MESUDE','ÖZSERİN','3529,98',to_date('20/12/2011','DD/MM/RRRR'),null,'BATIKENT','250','UZMAN','18','969','2','111');
Insert into EGITIM.PERSONEL (PERSONEL_ID,AD,SOYAD,MAAS,GIRIS_TARIHI,CIKIS_TARIHI,SEMT,PRIM,UNVAN,IZIN_GUNU,YONETICI_ID,KONUM_ID,DEPT_ID) values ('5003','ERDOĞAN','ÖZTÜRK','2822,6',to_date('28/02/2010','DD/MM/RRRR'),null,'ÜMRANİYE','500','MÜHENDİS','14','950','8','101');
Insert into EGITIM.PERSONEL (PERSONEL_ID,AD,SOYAD,MAAS,GIRIS_TARIHI,CIKIS_TARIHI,SEMT,PRIM,UNVAN,IZIN_GUNU,YONETICI_ID,KONUM_ID,DEPT_ID) values ('5004','MEHMET','ŞAHİN','3665,61',null,null,'TURAN GÜNEŞ',null,'UZMAN','3','950','5','106');
Insert into EGITIM.PERSONEL (PERSONEL_ID,AD,SOYAD,MAAS,GIRIS_TARIHI,CIKIS_TARIHI,SEMT,PRIM,UNVAN,IZIN_GUNU,YONETICI_ID,KONUM_ID,DEPT_ID) values ('5005','HACEY','ARPACI','6148,92',to_date('02/04/2009','DD/MM/RRRR'),null,'ÇUKURAMBAR',null,'ŞEF MÜHENDİS','4','919','5','113');
Insert into EGITIM.PERSONEL (PERSONEL_ID,AD,SOYAD,MAAS,GIRIS_TARIHI,CIKIS_TARIHI,SEMT,PRIM,UNVAN,IZIN_GUNU,YONETICI_ID,KONUM_ID,DEPT_ID) values ('5006','ALİ YAVUZ','KARAMAN','3280,92',to_date('13/01/2015','DD/MM/RRRR'),to_date('01/12/2016','DD/MM/RRRR'),'KADIKÖY','214','TEKNİKER','8','919','6','104');
Insert into EGITIM.PERSONEL (PERSONEL_ID,AD,SOYAD,MAAS,GIRIS_TARIHI,CIKIS_TARIHI,SEMT,PRIM,UNVAN,IZIN_GUNU,YONETICI_ID,KONUM_ID,DEPT_ID) values ('5007','AKİF','ÇETİNER','3153,1',to_date('26/01/2011','DD/MM/RRRR'),null,'ÇEKMEKÖY','622','MÜHENDİS','8','919','8','103');
Insert into EGITIM.PERSONEL (PERSONEL_ID,AD,SOYAD,MAAS,GIRIS_TARIHI,CIKIS_TARIHI,SEMT,PRIM,UNVAN,IZIN_GUNU,YONETICI_ID,KONUM_ID,DEPT_ID) values ('5008','VOLKAN','KAMALAK','3692,56',to_date('21/06/2014','DD/MM/RRRR'),null,'DEMET',null,'MÜDÜR','12','908','3','108');
Insert into EGITIM.PERSONEL (PERSONEL_ID,AD,SOYAD,MAAS,GIRIS_TARIHI,CIKIS_TARIHI,SEMT,PRIM,UNVAN,IZIN_GUNU,YONETICI_ID,KONUM_ID,DEPT_ID) values ('5009','ADEM','TEMİZYÜREK','2681,41',null,to_date('17/04/2016','DD/MM/RRRR'),'SARIYER','244','MÜHENDİS','17','969','8','106');
Insert into EGITIM.PERSONEL (PERSONEL_ID,AD,SOYAD,MAAS,GIRIS_TARIHI,CIKIS_TARIHI,SEMT,PRIM,UNVAN,IZIN_GUNU,YONETICI_ID,KONUM_ID,DEPT_ID) values ('5010','EMRAH İBRAHİM','ÖZTÜRK','2844,17',to_date('26/02/2010','DD/MM/RRRR'),null,null,null,'UZMAN','11','975','3','108');
Insert into EGITIM.PERSONEL (PERSONEL_ID,AD,SOYAD,MAAS,GIRIS_TARIHI,CIKIS_TARIHI,SEMT,PRIM,UNVAN,IZIN_GUNU,YONETICI_ID,KONUM_ID,DEPT_ID) values ('5011','ZAKİNE','SAK','2344,15',to_date('26/07/2011','DD/MM/RRRR'),null,'ÖVEÇLER','547','MÜHENDİS','9','975','4','114');
Insert into EGITIM.PERSONEL (PERSONEL_ID,AD,SOYAD,MAAS,GIRIS_TARIHI,CIKIS_TARIHI,SEMT,PRIM,UNVAN,IZIN_GUNU,YONETICI_ID,KONUM_ID,DEPT_ID) values ('5012','EDA','PEKCAN','2266,72',to_date('25/04/2007','DD/MM/RRRR'),null,'ACIBADEM','300','MÜHENDİS','2','975','4','105');
Insert into EGITIM.PERSONEL (PERSONEL_ID,AD,SOYAD,MAAS,GIRIS_TARIHI,CIKIS_TARIHI,SEMT,PRIM,UNVAN,IZIN_GUNU,YONETICI_ID,KONUM_ID,DEPT_ID) values ('5013','SELAMET','TAŞ','2678,04',to_date('15/03/2012','DD/MM/RRRR'),null,'DİKMEN','200','ŞEF MÜHENDİS','5','919','1','104');
Insert into EGITIM.PERSONEL (PERSONEL_ID,AD,SOYAD,MAAS,GIRIS_TARIHI,CIKIS_TARIHI,SEMT,PRIM,UNVAN,IZIN_GUNU,YONETICI_ID,KONUM_ID,DEPT_ID) values ('5014','MEHMET ÖNDER','BARUT','3427,33',to_date('30/12/2014','DD/MM/RRRR'),null,'ŞENTEPE','100','TAKIM LİDERİ','10','998','1','109');
Insert into EGITIM.PERSONEL (PERSONEL_ID,AD,SOYAD,MAAS,GIRIS_TARIHI,CIKIS_TARIHI,SEMT,PRIM,UNVAN,IZIN_GUNU,YONETICI_ID,KONUM_ID,DEPT_ID) values ('5015','BENGÜ','KABUKCI','5178,44',to_date('08/07/2007','DD/MM/RRRR'),null,'ÇUKURAMBAR',null,'GRUP MÜDÜRÜ','21','940','7','103');
Insert into EGITIM.PERSONEL (PERSONEL_ID,AD,SOYAD,MAAS,GIRIS_TARIHI,CIKIS_TARIHI,SEMT,PRIM,UNVAN,IZIN_GUNU,YONETICI_ID,KONUM_ID,DEPT_ID) values ('5016','ABDURRAHİM','AKINCI','2524,32',to_date('30/03/2010','DD/MM/RRRR'),null,'KEÇİÖREN','200','TAKIM LİDERİ','15','998','1','110');
Insert into EGITIM.PERSONEL (PERSONEL_ID,AD,SOYAD,MAAS,GIRIS_TARIHI,CIKIS_TARIHI,SEMT,PRIM,UNVAN,IZIN_GUNU,YONETICI_ID,KONUM_ID,DEPT_ID) values ('5017','KABRİYE','DAL','3017,22',to_date('28/08/2010','DD/MM/RRRR'),null,'ÇEKMEKÖY','300','ŞEF MÜHENDİS','2','950','7','105');
Insert into EGITIM.PERSONEL (PERSONEL_ID,AD,SOYAD,MAAS,GIRIS_TARIHI,CIKIS_TARIHI,SEMT,PRIM,UNVAN,IZIN_GUNU,YONETICI_ID,KONUM_ID,DEPT_ID) values ('5018','GÜLPAŞA','GÜZELTEPE','2018,42',to_date('28/08/2010','DD/MM/RRRR'),null,'ŞENTEPE',null,'MÜHENDİS','8','998','1','114');
Insert into EGITIM.PERSONEL (PERSONEL_ID,AD,SOYAD,MAAS,GIRIS_TARIHI,CIKIS_TARIHI,SEMT,PRIM,UNVAN,IZIN_GUNU,YONETICI_ID,KONUM_ID,DEPT_ID) values ('5019','ABDURRAHİM','AKDOĞAN','6558,7',to_date('20/02/2009','DD/MM/RRRR'),to_date('04/05/2012','DD/MM/RRRR'),'ESENYURT',null,'GRUP MÜDÜRÜ','4','940','8','110');
Insert into EGITIM.PERSONEL (PERSONEL_ID,AD,SOYAD,MAAS,GIRIS_TARIHI,CIKIS_TARIHI,SEMT,PRIM,UNVAN,IZIN_GUNU,YONETICI_ID,KONUM_ID,DEPT_ID) values ('5020','HANİFE','BOYACİ','3282,97',to_date('05/10/2007','DD/MM/RRRR'),null,'ÇUKURAMBAR','550','TEKNİKER','21','998','1','103');
Insert into EGITIM.PERSONEL (PERSONEL_ID,AD,SOYAD,MAAS,GIRIS_TARIHI,CIKIS_TARIHI,SEMT,PRIM,UNVAN,IZIN_GUNU,YONETICI_ID,KONUM_ID,DEPT_ID) values ('5021','DERYA','KARABULUT','6607,08',to_date('30/06/2010','DD/MM/RRRR'),null,'ACIBADEM',null,'UZMAN','1','919','1','103');
Insert into EGITIM.PERSONEL (PERSONEL_ID,AD,SOYAD,MAAS,GIRIS_TARIHI,CIKIS_TARIHI,SEMT,PRIM,UNVAN,IZIN_GUNU,YONETICI_ID,KONUM_ID,DEPT_ID) values ('5022','MEHMET','CANLI','2441,43',to_date('16/07/2010','DD/MM/RRRR'),null,null,null,'MÜHENDİS','7','969','1','110');
Insert into EGITIM.PERSONEL (PERSONEL_ID,AD,SOYAD,MAAS,GIRIS_TARIHI,CIKIS_TARIHI,SEMT,PRIM,UNVAN,IZIN_GUNU,YONETICI_ID,KONUM_ID,DEPT_ID) values ('5023','FEYZİ','AKTEPE','5669,53',to_date('20/05/2009','DD/MM/RRRR'),null,'BATIKENT',null,'ŞEF MÜHENDİS','12','969','6','109');
Insert into EGITIM.PERSONEL (PERSONEL_ID,AD,SOYAD,MAAS,GIRIS_TARIHI,CIKIS_TARIHI,SEMT,PRIM,UNVAN,IZIN_GUNU,YONETICI_ID,KONUM_ID,DEPT_ID) values ('5025','AYSUN','UZUNOĞLU','3864,71',to_date('16/11/2007','DD/MM/RRRR'),null,'ÇUKURAMBAR','100','MÜHENDİS','16','975','9','102');
Insert into EGITIM.PERSONEL (PERSONEL_ID,AD,SOYAD,MAAS,GIRIS_TARIHI,CIKIS_TARIHI,SEMT,PRIM,UNVAN,IZIN_GUNU,YONETICI_ID,KONUM_ID,DEPT_ID) values ('5026','ÖMER','KAVUN','3961,95',to_date('25/05/2010','DD/MM/RRRR'),null,'ÜMRANİYE',null,'ŞEF MÜHENDİS','12','969','8','100');
Insert into EGITIM.PERSONEL (PERSONEL_ID,AD,SOYAD,MAAS,GIRIS_TARIHI,CIKIS_TARIHI,SEMT,PRIM,UNVAN,IZIN_GUNU,YONETICI_ID,KONUM_ID,DEPT_ID) values ('5027','SABRİ','TAŞDELEN','2745,56',to_date('20/08/2008','DD/MM/RRRR'),to_date('18/12/2009','DD/MM/RRRR'),'EYÜP','150','TEKNİKER','7','940','5','108');
Insert into EGITIM.PERSONEL (PERSONEL_ID,AD,SOYAD,MAAS,GIRIS_TARIHI,CIKIS_TARIHI,SEMT,PRIM,UNVAN,IZIN_GUNU,YONETICI_ID,KONUM_ID,DEPT_ID) values ('5028','FAHRETTİN','EYUP','3110,63',to_date('30/01/2010','DD/MM/RRRR'),to_date('25/09/2012','DD/MM/RRRR'),'ESENYURT',null,'MÜDÜR','18','908','6','107');
Insert into EGITIM.PERSONEL (PERSONEL_ID,AD,SOYAD,MAAS,GIRIS_TARIHI,CIKIS_TARIHI,SEMT,PRIM,UNVAN,IZIN_GUNU,YONETICI_ID,KONUM_ID,DEPT_ID) values ('5029','NEVİN','YILMAZ','2246,57',to_date('27/04/2010','DD/MM/RRRR'),null,'MECİDİYEKÖY',null,'MÜHENDİS','12','940','1','100');
Insert into EGITIM.PERSONEL (PERSONEL_ID,AD,SOYAD,MAAS,GIRIS_TARIHI,CIKIS_TARIHI,SEMT,PRIM,UNVAN,IZIN_GUNU,YONETICI_ID,KONUM_ID,DEPT_ID) values ('5030','MEHMET ALİ','TÜRKMEN','4252,02',to_date('08/10/2012','DD/MM/RRRR'),to_date('12/03/2015','DD/MM/RRRR'),'EYÜP',null,'UZMAN','8','956','9','102');
Insert into EGITIM.PERSONEL (PERSONEL_ID,AD,SOYAD,MAAS,GIRIS_TARIHI,CIKIS_TARIHI,SEMT,PRIM,UNVAN,IZIN_GUNU,YONETICI_ID,KONUM_ID,DEPT_ID) values ('5032','AYŞE','SERT','2836,61',to_date('27/02/2013','DD/MM/RRRR'),to_date('01/11/2013','DD/MM/RRRR'),'ERYAMAN',null,'UZMAN','16','905','7','111');
Insert into EGITIM.PERSONEL (PERSONEL_ID,AD,SOYAD,MAAS,GIRIS_TARIHI,CIKIS_TARIHI,SEMT,PRIM,UNVAN,IZIN_GUNU,YONETICI_ID,KONUM_ID,DEPT_ID) values ('5033','AYBARS','KOÇ','2498,91',to_date('11/07/2011','DD/MM/RRRR'),null,'ATAŞEHİR',null,'MÜHENDİS','9','913','5','114');
Insert into EGITIM.PERSONEL (PERSONEL_ID,AD,SOYAD,MAAS,GIRIS_TARIHI,CIKIS_TARIHI,SEMT,PRIM,UNVAN,IZIN_GUNU,YONETICI_ID,KONUM_ID,DEPT_ID) values ('5037','MELİKE','EMİROĞLU','2876,5',to_date('14/04/2008','DD/MM/RRRR'),null,'SARIYER',null,'TAKIM LİDERİ','23','913','5','112');
Insert into EGITIM.PERSONEL (PERSONEL_ID,AD,SOYAD,MAAS,GIRIS_TARIHI,CIKIS_TARIHI,SEMT,PRIM,UNVAN,IZIN_GUNU,YONETICI_ID,KONUM_ID,DEPT_ID) values ('5038','ZEYNEP','YAVAŞ','4491,43',to_date('14/09/2013','DD/MM/RRRR'),to_date('09/06/2016','DD/MM/RRRR'),'ÇAYYOLU',null,'MÜDÜR','17','928','6','106');
Insert into EGITIM.PERSONEL (PERSONEL_ID,AD,SOYAD,MAAS,GIRIS_TARIHI,CIKIS_TARIHI,SEMT,PRIM,UNVAN,IZIN_GUNU,YONETICI_ID,KONUM_ID,DEPT_ID) values ('5039','ÖNDER','FİLİZ','5802,44',to_date('06/05/2008','DD/MM/RRRR'),null,'ÇUKURAMBAR',null,'UZMAN','11','913','9','113');
Insert into EGITIM.PERSONEL (PERSONEL_ID,AD,SOYAD,MAAS,GIRIS_TARIHI,CIKIS_TARIHI,SEMT,PRIM,UNVAN,IZIN_GUNU,YONETICI_ID,KONUM_ID,DEPT_ID) values ('5040','EKREM','KARAKAŞ','4590,77',to_date('04/09/2011','DD/MM/RRRR'),null,'MECİDİYEKÖY',null,'MÜDÜR','4','928','3','113');
Insert into EGITIM.PERSONEL (PERSONEL_ID,AD,SOYAD,MAAS,GIRIS_TARIHI,CIKIS_TARIHI,SEMT,PRIM,UNVAN,IZIN_GUNU,YONETICI_ID,KONUM_ID,DEPT_ID) values ('5041','ALPASLAN','AKAR','6054,72',to_date('11/05/2007','DD/MM/RRRR'),null,'ERYAMAN',null,'TAKIM LİDERİ','13','913','1','112');
Insert into EGITIM.PERSONEL (PERSONEL_ID,AD,SOYAD,MAAS,GIRIS_TARIHI,CIKIS_TARIHI,SEMT,PRIM,UNVAN,IZIN_GUNU,YONETICI_ID,KONUM_ID,DEPT_ID) values ('5043','MEHMET ALİ','ÇÖL','3572,93',to_date('15/12/2015','DD/MM/RRRR'),null,'ATAŞEHİR',null,'UZMAN','8','913','6','101');
Insert into EGITIM.PERSONEL (PERSONEL_ID,AD,SOYAD,MAAS,GIRIS_TARIHI,CIKIS_TARIHI,SEMT,PRIM,UNVAN,IZIN_GUNU,YONETICI_ID,KONUM_ID,DEPT_ID) values ('5044','ŞAHİN','GÖÇER','2420,3',to_date('09/04/2012','DD/MM/RRRR'),null,'KEÇİÖREN',null,'MÜHENDİS','2','926','8','108');
Insert into EGITIM.PERSONEL (PERSONEL_ID,AD,SOYAD,MAAS,GIRIS_TARIHI,CIKIS_TARIHI,SEMT,PRIM,UNVAN,IZIN_GUNU,YONETICI_ID,KONUM_ID,DEPT_ID) values ('5045','DİLBER','ARSLAN','3456,53',to_date('27/12/2009','DD/MM/RRRR'),null,'KEÇİÖREN',null,'UZMAN','5','917','4','104');
Insert into EGITIM.PERSONEL (PERSONEL_ID,AD,SOYAD,MAAS,GIRIS_TARIHI,CIKIS_TARIHI,SEMT,PRIM,UNVAN,IZIN_GUNU,YONETICI_ID,KONUM_ID,DEPT_ID) values ('5047','DAVUT','BIÇAKÇI','3826,57',to_date('08/06/2013','DD/MM/RRRR'),null,'BAĞCILAR',null,'UZMAN','13','926','1','105');
Insert into EGITIM.PERSONEL (PERSONEL_ID,AD,SOYAD,MAAS,GIRIS_TARIHI,CIKIS_TARIHI,SEMT,PRIM,UNVAN,IZIN_GUNU,YONETICI_ID,KONUM_ID,DEPT_ID) values ('5048','DANYAL','ÇELİK','4594,34',to_date('04/09/2009','DD/MM/RRRR'),null,'ÇUKURAMBAR',null,'UZMAN','6','926','1','109');
Insert into EGITIM.PERSONEL (PERSONEL_ID,AD,SOYAD,MAAS,GIRIS_TARIHI,CIKIS_TARIHI,SEMT,PRIM,UNVAN,IZIN_GUNU,YONETICI_ID,KONUM_ID,DEPT_ID) values ('5049','KENAN','FAZİLOĞULLARI','1395,21',to_date('21/07/2010','DD/MM/RRRR'),to_date('08/01/2011','DD/MM/RRRR'),'KADIKÖY',null,'TEKNİKER','14','926','2','109');
Insert into EGITIM.PERSONEL (PERSONEL_ID,AD,SOYAD,MAAS,GIRIS_TARIHI,CIKIS_TARIHI,SEMT,PRIM,UNVAN,IZIN_GUNU,YONETICI_ID,KONUM_ID,DEPT_ID) values ('5050','SÜLEYMAN','BAYRAKTUTAN','6340,02',to_date('13/03/2009','DD/MM/RRRR'),null,'ÇAYYOLU',null,'GRUP MÜDÜRÜ','9','956','2','107');
Insert into EGITIM.PERSONEL (PERSONEL_ID,AD,SOYAD,MAAS,GIRIS_TARIHI,CIKIS_TARIHI,SEMT,PRIM,UNVAN,IZIN_GUNU,YONETICI_ID,KONUM_ID,DEPT_ID) values ('5051','TARKAN','KILIÇ','2526,31',to_date('08/07/2010','DD/MM/RRRR'),null,'BATIKENT',null,'MÜHENDİS','5','917','6','114');
Insert into EGITIM.PERSONEL (PERSONEL_ID,AD,SOYAD,MAAS,GIRIS_TARIHI,CIKIS_TARIHI,SEMT,PRIM,UNVAN,IZIN_GUNU,YONETICI_ID,KONUM_ID,DEPT_ID) values ('5052','NESLİHAN','YILMAZ','3136,11',to_date('28/01/2010','DD/MM/RRRR'),to_date('25/09/2011','DD/MM/RRRR'),'ERYAMAN',null,'UZMAN','7','913','6','112');
Insert into EGITIM.PERSONEL (PERSONEL_ID,AD,SOYAD,MAAS,GIRIS_TARIHI,CIKIS_TARIHI,SEMT,PRIM,UNVAN,IZIN_GUNU,YONETICI_ID,KONUM_ID,DEPT_ID) values ('5053','HURİ NİĞAR','ŞAHPAZ KURŞUN','4483,7',to_date('15/09/2009','DD/MM/RRRR'),to_date('01/08/2011','DD/MM/RRRR'),'ERYAMAN',null,'TAKIM LİDERİ','14','926','1','102');
Insert into EGITIM.PERSONEL (PERSONEL_ID,AD,SOYAD,MAAS,GIRIS_TARIHI,CIKIS_TARIHI,SEMT,PRIM,UNVAN,IZIN_GUNU,YONETICI_ID,KONUM_ID,DEPT_ID) values ('5054','DİLEK','ALTIPARMAK','3543,77',to_date('18/12/2009','DD/MM/RRRR'),null,'ERYAMAN',null,'UZMAN','6','905','4','112');
Insert into EGITIM.PERSONEL (PERSONEL_ID,AD,SOYAD,MAAS,GIRIS_TARIHI,CIKIS_TARIHI,SEMT,PRIM,UNVAN,IZIN_GUNU,YONETICI_ID,KONUM_ID,DEPT_ID) values ('5055','ÖMER','SAĞLAMER','3758,58',to_date('27/11/2014','DD/MM/RRRR'),null,'BATIKENT',null,'MÜHENDİS','10','905','6','103');
Insert into EGITIM.PERSONEL (PERSONEL_ID,AD,SOYAD,MAAS,GIRIS_TARIHI,CIKIS_TARIHI,SEMT,PRIM,UNVAN,IZIN_GUNU,YONETICI_ID,KONUM_ID,DEPT_ID) values ('5056','BÜLENT','DURGUN','4912,01',to_date('03/08/2009','DD/MM/RRRR'),null,'DUDULLU',null,'MÜDÜR','15','938','6','103');
Insert into EGITIM.PERSONEL (PERSONEL_ID,AD,SOYAD,MAAS,GIRIS_TARIHI,CIKIS_TARIHI,SEMT,PRIM,UNVAN,IZIN_GUNU,YONETICI_ID,KONUM_ID,DEPT_ID) values ('5057','FAHRETTİN','ÇOŞUT','3991,62',to_date('03/11/2009','DD/MM/RRRR'),to_date('24/03/2012','DD/MM/RRRR'),'ERYAMAN',null,'TAKIM LİDERİ','14','905','3','104');
Insert into EGITIM.PERSONEL (PERSONEL_ID,AD,SOYAD,MAAS,GIRIS_TARIHI,CIKIS_TARIHI,SEMT,PRIM,UNVAN,IZIN_GUNU,YONETICI_ID,KONUM_ID,DEPT_ID) values ('5059','BURCU','CIBIR','2854,76',to_date('25/02/2015','DD/MM/RRRR'),null,'DUDULLU',null,'UZMAN','11','950','9','101');
Insert into EGITIM.PERSONEL (PERSONEL_ID,AD,SOYAD,MAAS,GIRIS_TARIHI,CIKIS_TARIHI,SEMT,PRIM,UNVAN,IZIN_GUNU,YONETICI_ID,KONUM_ID,DEPT_ID) values ('5060','SERVET','TURAN','5060,81',to_date('19/07/2011','DD/MM/RRRR'),null,'ÜMİTKÖY',null,'MÜDÜR','11','940','9','100');
Insert into EGITIM.PERSONEL (PERSONEL_ID,AD,SOYAD,MAAS,GIRIS_TARIHI,CIKIS_TARIHI,SEMT,PRIM,UNVAN,IZIN_GUNU,YONETICI_ID,KONUM_ID,DEPT_ID) values ('5061','MUSTAFA','KOLAY','5108,28',to_date('15/07/2011','DD/MM/RRRR'),null,'KARTAL',null,'MÜHENDİS','11','905','6','102');
Insert into EGITIM.PERSONEL (PERSONEL_ID,AD,SOYAD,MAAS,GIRIS_TARIHI,CIKIS_TARIHI,SEMT,PRIM,UNVAN,IZIN_GUNU,YONETICI_ID,KONUM_ID,DEPT_ID) values ('5063','MUHAMMET','ATÇEKEN','4246,94',to_date('09/10/2009','DD/MM/RRRR'),null,'ERYAMAN',null,'UZMAN','8','913','9','113');
Insert into EGITIM.PERSONEL (PERSONEL_ID,AD,SOYAD,MAAS,GIRIS_TARIHI,CIKIS_TARIHI,SEMT,PRIM,UNVAN,IZIN_GUNU,YONETICI_ID,KONUM_ID,DEPT_ID) values ('5064','SUNA','KAYA','3739,09',to_date('29/11/2013','DD/MM/RRRR'),null,'DİKMEN',null,'UZMAN','5','913','4','112');
Insert into EGITIM.PERSONEL (PERSONEL_ID,AD,SOYAD,MAAS,GIRIS_TARIHI,CIKIS_TARIHI,SEMT,PRIM,UNVAN,IZIN_GUNU,YONETICI_ID,KONUM_ID,DEPT_ID) values ('5065','MÜMÜNE','KAHVECİ','2126,93',to_date('09/05/2007','DD/MM/RRRR'),null,'DEMET',null,'MÜHENDİS','8','913','7','107');
Insert into EGITIM.PERSONEL (PERSONEL_ID,AD,SOYAD,MAAS,GIRIS_TARIHI,CIKIS_TARIHI,SEMT,PRIM,UNVAN,IZIN_GUNU,YONETICI_ID,KONUM_ID,DEPT_ID) values ('5066','CELİL','AKGÜN','3377,91',to_date('04/01/2010','DD/MM/RRRR'),null,'KEÇİÖREN',null,'UZMAN','5','905','4','107');
Insert into EGITIM.PERSONEL (PERSONEL_ID,AD,SOYAD,MAAS,GIRIS_TARIHI,CIKIS_TARIHI,SEMT,PRIM,UNVAN,IZIN_GUNU,YONETICI_ID,KONUM_ID,DEPT_ID) values ('5067','NİLÜFER','DEMİR','2983,02',to_date('03/04/2010','DD/MM/RRRR'),to_date('25/01/2014','DD/MM/RRRR'),'MALTEPE',null,'TAKIM LİDERİ','14','917','6','108');
Insert into EGITIM.PERSONEL (PERSONEL_ID,AD,SOYAD,MAAS,GIRIS_TARIHI,CIKIS_TARIHI,SEMT,PRIM,UNVAN,IZIN_GUNU,YONETICI_ID,KONUM_ID,DEPT_ID) values ('5068','SERCAN','TOY','1571,9',to_date('03/07/2014','DD/MM/RRRR'),null,'DEMET',null,'TEKNİKER','11','917','6','109');
Insert into EGITIM.PERSONEL (PERSONEL_ID,AD,SOYAD,MAAS,GIRIS_TARIHI,CIKIS_TARIHI,SEMT,PRIM,UNVAN,IZIN_GUNU,YONETICI_ID,KONUM_ID,DEPT_ID) values ('5069','ENSAR','YÜKSEK','6843,71',to_date('22/01/2009','DD/MM/RRRR'),null,'ÜMİTKÖY',null,'GRUP MÜDÜRÜ','14','956','5','113');
Insert into EGITIM.PERSONEL (PERSONEL_ID,AD,SOYAD,MAAS,GIRIS_TARIHI,CIKIS_TARIHI,SEMT,PRIM,UNVAN,IZIN_GUNU,YONETICI_ID,KONUM_ID,DEPT_ID) values ('5070','MAHMUT','YILDIRIM','4232,28',to_date('10/10/2012','DD/MM/RRRR'),null,'TURAN GÜNEŞ',null,'TAKIM LİDERİ','9','917','7','113');
Insert into EGITIM.PERSONEL (PERSONEL_ID,AD,SOYAD,MAAS,GIRIS_TARIHI,CIKIS_TARIHI,SEMT,PRIM,UNVAN,IZIN_GUNU,YONETICI_ID,KONUM_ID,DEPT_ID) values ('5072','ALİ AYDIN','BAŞPINAR','2459,05',to_date('06/04/2012','DD/MM/RRRR'),null,'KADIKÖY',null,'UZMAN','16','917','4','106');
Insert into EGITIM.PERSONEL (PERSONEL_ID,AD,SOYAD,MAAS,GIRIS_TARIHI,CIKIS_TARIHI,SEMT,PRIM,UNVAN,IZIN_GUNU,YONETICI_ID,KONUM_ID,DEPT_ID) values ('5073','AYTOP','UZUNDAL','2874,79',to_date('23/02/2012','DD/MM/RRRR'),null,'KEÇİÖREN',null,'MÜHENDİS','14','908','2','102');
Insert into EGITIM.PERSONEL (PERSONEL_ID,AD,SOYAD,MAAS,GIRIS_TARIHI,CIKIS_TARIHI,SEMT,PRIM,UNVAN,IZIN_GUNU,YONETICI_ID,KONUM_ID,DEPT_ID) values ('5074','TÜRKAN','TURAN','3020,78',to_date('19/05/2010','DD/MM/RRRR'),null,'ÜMRANİYE',null,'TAKIM LİDERİ','16','908','9','108');
Insert into EGITIM.PERSONEL (PERSONEL_ID,AD,SOYAD,MAAS,GIRIS_TARIHI,CIKIS_TARIHI,SEMT,PRIM,UNVAN,IZIN_GUNU,YONETICI_ID,KONUM_ID,DEPT_ID) values ('5075','MİYASE','AYAN','5909,2',to_date('26/06/2009','DD/MM/RRRR'),null,'ÜMİTKÖY',null,'GRUP MÜDÜRÜ','1','950','6','114');
Insert into EGITIM.PERSONEL (PERSONEL_ID,AD,SOYAD,MAAS,GIRIS_TARIHI,CIKIS_TARIHI,SEMT,PRIM,UNVAN,IZIN_GUNU,YONETICI_ID,KONUM_ID,DEPT_ID) values ('5077','FATMA NEZİHA','SAYIN','1204,73',to_date('09/08/2010','DD/MM/RRRR'),null,'DİKMEN',null,'TEKNİKER','13','928','5','113');
Insert into EGITIM.PERSONEL (PERSONEL_ID,AD,SOYAD,MAAS,GIRIS_TARIHI,CIKIS_TARIHI,SEMT,PRIM,UNVAN,IZIN_GUNU,YONETICI_ID,KONUM_ID,DEPT_ID) values ('5078','İSMAİL','GÜLEN','2362,5',to_date('29/07/2010','DD/MM/RRRR'),to_date('22/04/2014','DD/MM/RRRR'),'DEMET',null,'UZMAN YARDIMCISI','10','956','4','112');
Insert into EGITIM.PERSONEL (PERSONEL_ID,AD,SOYAD,MAAS,GIRIS_TARIHI,CIKIS_TARIHI,SEMT,PRIM,UNVAN,IZIN_GUNU,YONETICI_ID,KONUM_ID,DEPT_ID) values ('5079','NURETTİN','PEHLİVAN','1993,72',to_date('22/05/2013','DD/MM/RRRR'),to_date('05/05/2015','DD/MM/RRRR'),'DİKMEN',null,'TEKNİKER','14','928','8','113');
Insert into EGITIM.PERSONEL (PERSONEL_ID,AD,SOYAD,MAAS,GIRIS_TARIHI,CIKIS_TARIHI,SEMT,PRIM,UNVAN,IZIN_GUNU,YONETICI_ID,KONUM_ID,DEPT_ID) values ('5080','NURHAN','BORA','4760,24',to_date('18/08/2012','DD/MM/RRRR'),null,'MALTEPE',null,'MÜHENDİS','13','938','1','109');
Insert into EGITIM.PERSONEL (PERSONEL_ID,AD,SOYAD,MAAS,GIRIS_TARIHI,CIKIS_TARIHI,SEMT,PRIM,UNVAN,IZIN_GUNU,YONETICI_ID,KONUM_ID,DEPT_ID) values ('5081','MAHMUT','GÜLER','1766,08',to_date('14/06/2010','DD/MM/RRRR'),null,'KADIKÖY',null,'TEKNİKER','2','938','2','104');
Insert into EGITIM.PERSONEL (PERSONEL_ID,AD,SOYAD,MAAS,GIRIS_TARIHI,CIKIS_TARIHI,SEMT,PRIM,UNVAN,IZIN_GUNU,YONETICI_ID,KONUM_ID,DEPT_ID) values ('5082','ZİYA','ÇOBANOĞLU','2070,13',to_date('14/05/2013','DD/MM/RRRR'),null,'KARTAL',null,'TEKNİKER','11','950','7','104');
Insert into EGITIM.PERSONEL (PERSONEL_ID,AD,SOYAD,MAAS,GIRIS_TARIHI,CIKIS_TARIHI,SEMT,PRIM,UNVAN,IZIN_GUNU,YONETICI_ID,KONUM_ID,DEPT_ID) values ('5083','MURAT','DİNGİL','2361,85',to_date('15/04/2008','DD/MM/RRRR'),null,'DEMET',null,'UZMAN','7','905','1','101');
Insert into EGITIM.PERSONEL (PERSONEL_ID,AD,SOYAD,MAAS,GIRIS_TARIHI,CIKIS_TARIHI,SEMT,PRIM,UNVAN,IZIN_GUNU,YONETICI_ID,KONUM_ID,DEPT_ID) values ('5084','SERVET','TURAN','5060,81',to_date('19/07/2007','DD/MM/RRRR'),null,'BAĞCILAR',null,'MÜDÜR','5','956','9','109');
Insert into EGITIM.PERSONEL (PERSONEL_ID,AD,SOYAD,MAAS,GIRIS_TARIHI,CIKIS_TARIHI,SEMT,PRIM,UNVAN,IZIN_GUNU,YONETICI_ID,KONUM_ID,DEPT_ID) values ('5085','HÜSEYİN TUĞSAN','BALLI','2345,9',to_date('17/04/2012','DD/MM/RRRR'),null,'DİKMEN',null,'MÜHENDİS','8','938','3','112');
Insert into EGITIM.PERSONEL (PERSONEL_ID,AD,SOYAD,MAAS,GIRIS_TARIHI,CIKIS_TARIHI,SEMT,PRIM,UNVAN,IZIN_GUNU,YONETICI_ID,KONUM_ID,DEPT_ID) values ('5086','MEHMET FATİH','KAPLAN','1919',to_date('30/05/2010','DD/MM/RRRR'),null,'DİKMEN',null,'TEKNİKER','3','938','6','107');
Insert into EGITIM.PERSONEL (PERSONEL_ID,AD,SOYAD,MAAS,GIRIS_TARIHI,CIKIS_TARIHI,SEMT,PRIM,UNVAN,IZIN_GUNU,YONETICI_ID,KONUM_ID,DEPT_ID) values ('5088','MEHMET ŞEFİK','TEYMUROĞLU','2262,47',to_date('29/07/2009','DD/MM/RRRR'),null,'ERYAMAN',null,'TEKNİKER','11','938','8','105');
Insert into EGITIM.PERSONEL (PERSONEL_ID,AD,SOYAD,MAAS,GIRIS_TARIHI,CIKIS_TARIHI,SEMT,PRIM,UNVAN,IZIN_GUNU,YONETICI_ID,KONUM_ID,DEPT_ID) values ('5089','BAHADIR','ŞAHİN','2173,36',to_date('04/05/2015','DD/MM/RRRR'),null,'BATIKENT',null,'MÜHENDİS','13','905','8','100');
Insert into EGITIM.PERSONEL (PERSONEL_ID,AD,SOYAD,MAAS,GIRIS_TARIHI,CIKIS_TARIHI,SEMT,PRIM,UNVAN,IZIN_GUNU,YONETICI_ID,KONUM_ID,DEPT_ID) values ('5090','FATİH','YILMAZ','1479,42',to_date('13/07/2010','DD/MM/RRRR'),null,'DEMET',null,'TEKNİKER','14','940','2','100');
Insert into EGITIM.PERSONEL (PERSONEL_ID,AD,SOYAD,MAAS,GIRIS_TARIHI,CIKIS_TARIHI,SEMT,PRIM,UNVAN,IZIN_GUNU,YONETICI_ID,KONUM_ID,DEPT_ID) values ('5091','VEYİS','ATMACA','3560,23',to_date('04/07/2010','DD/MM/RRRR'),null,'KADIKÖY',null,'ŞEF MÜHENDİS','6','975','8','110');
Insert into EGITIM.PERSONEL (PERSONEL_ID,AD,SOYAD,MAAS,GIRIS_TARIHI,CIKIS_TARIHI,SEMT,PRIM,UNVAN,IZIN_GUNU,YONETICI_ID,KONUM_ID,DEPT_ID) values ('5092','AYDIN','EVREN','1637,21',to_date('27/06/2010','DD/MM/RRRR'),null,'KADIKÖY',null,'TEKNİKER','6','938','5','107');
Insert into EGITIM.PERSONEL (PERSONEL_ID,AD,SOYAD,MAAS,GIRIS_TARIHI,CIKIS_TARIHI,SEMT,PRIM,UNVAN,IZIN_GUNU,YONETICI_ID,KONUM_ID,DEPT_ID) values ('5093','BANU','DEMİROĞLU','1752,55',to_date('27/08/2010','DD/MM/RRRR'),to_date('10/01/2013','DD/MM/RRRR'),null,null,'UZMAN YARDIMCISI','1','908','3','109');
Insert into EGITIM.PERSONEL (PERSONEL_ID,AD,SOYAD,MAAS,GIRIS_TARIHI,CIKIS_TARIHI,SEMT,PRIM,UNVAN,IZIN_GUNU,YONETICI_ID,KONUM_ID,DEPT_ID) values ('5094','YASİN','ÖZDAĞ','3462,62',to_date('14/07/2014','DD/MM/RRRR'),to_date('16/03/2017','DD/MM/RRRR'),'KEÇİÖREN',null,'TAKIM LİDERİ','11','998','2','104');
Insert into EGITIM.PERSONEL (PERSONEL_ID,AD,SOYAD,MAAS,GIRIS_TARIHI,CIKIS_TARIHI,SEMT,PRIM,UNVAN,IZIN_GUNU,YONETICI_ID,KONUM_ID,DEPT_ID) values ('5095','AHMET EMİN','OKUYUCU','3952,92',to_date('07/11/2013','DD/MM/RRRR'),to_date('11/01/2017','DD/MM/RRRR'),'ÜMİTKÖY',null,'TAKIM LİDERİ','4','928','2','114');
Insert into EGITIM.PERSONEL (PERSONEL_ID,AD,SOYAD,MAAS,GIRIS_TARIHI,CIKIS_TARIHI,SEMT,PRIM,UNVAN,IZIN_GUNU,YONETICI_ID,KONUM_ID,DEPT_ID) values ('5096','SERDAR','BOZKURT','2881,69',to_date('22/02/2010','DD/MM/RRRR'),null,'BATIKENT',null,'TAKIM LİDERİ','18','940','8','109');
Insert into EGITIM.PERSONEL (PERSONEL_ID,AD,SOYAD,MAAS,GIRIS_TARIHI,CIKIS_TARIHI,SEMT,PRIM,UNVAN,IZIN_GUNU,YONETICI_ID,KONUM_ID,DEPT_ID) values ('5097','ALİ SELÇUK','BEŞGÜL','4982,65',to_date('23/05/2010','DD/MM/RRRR'),null,'DEMET',null,'MÜDÜR','7','956','4','113');
Insert into EGITIM.PERSONEL (PERSONEL_ID,AD,SOYAD,MAAS,GIRIS_TARIHI,CIKIS_TARIHI,SEMT,PRIM,UNVAN,IZIN_GUNU,YONETICI_ID,KONUM_ID,DEPT_ID) values ('5098','ÖZCAN','KIZILTEPE','6308,84',to_date('17/03/2008','DD/MM/RRRR'),null,'ÇUKURAMBAR',null,'GRUP MÜDÜRÜ','20','919','2','104');
Insert into EGITIM.PERSONEL (PERSONEL_ID,AD,SOYAD,MAAS,GIRIS_TARIHI,CIKIS_TARIHI,SEMT,PRIM,UNVAN,IZIN_GUNU,YONETICI_ID,KONUM_ID,DEPT_ID) values ('5099','RECEP','ARI','5947,95',to_date('22/04/2009','DD/MM/RRRR'),null,'BATIKENT',null,'ŞEF MÜHENDİS','5','975','4','104');

SET DEFINE OFF;
Insert into EGITIM.PERSONEL_IZINLERI (PERSONEL_ID,IZIN_TURU,IZIN_BAS_TARIHI,IZIN_BIT_TARIHI,IZIN_BAS_SAATI,IZIN_BIT_SAATI) values ('5092','7',to_date('18/08/2011','DD/MM/RRRR'),to_date('23/08/2011','DD/MM/RRRR'),null,null);
Insert into EGITIM.PERSONEL_IZINLERI (PERSONEL_ID,IZIN_TURU,IZIN_BAS_TARIHI,IZIN_BIT_TARIHI,IZIN_BAS_SAATI,IZIN_BIT_SAATI) values ('5053','9',to_date('04/02/2011','DD/MM/RRRR'),to_date('07/02/2011','DD/MM/RRRR'),null,null);
Insert into EGITIM.PERSONEL_IZINLERI (PERSONEL_ID,IZIN_TURU,IZIN_BAS_TARIHI,IZIN_BIT_TARIHI,IZIN_BAS_SAATI,IZIN_BIT_SAATI) values ('5060','3',to_date('26/11/2012','DD/MM/RRRR'),to_date('30/11/2012','DD/MM/RRRR'),null,null);
Insert into EGITIM.PERSONEL_IZINLERI (PERSONEL_ID,IZIN_TURU,IZIN_BAS_TARIHI,IZIN_BIT_TARIHI,IZIN_BAS_SAATI,IZIN_BIT_SAATI) values ('5026','8',to_date('28/05/2011','DD/MM/RRRR'),to_date('30/05/2011','DD/MM/RRRR'),null,null);
Insert into EGITIM.PERSONEL_IZINLERI (PERSONEL_ID,IZIN_TURU,IZIN_BAS_TARIHI,IZIN_BIT_TARIHI,IZIN_BAS_SAATI,IZIN_BIT_SAATI) values ('5017','6',to_date('11/09/2011','DD/MM/RRRR'),to_date('13/09/2011','DD/MM/RRRR'),null,null);
Insert into EGITIM.PERSONEL_IZINLERI (PERSONEL_ID,IZIN_TURU,IZIN_BAS_TARIHI,IZIN_BIT_TARIHI,IZIN_BAS_SAATI,IZIN_BIT_SAATI) values ('5080','9',to_date('18/12/2013','DD/MM/RRRR'),to_date('20/12/2013','DD/MM/RRRR'),null,null);
Insert into EGITIM.PERSONEL_IZINLERI (PERSONEL_ID,IZIN_TURU,IZIN_BAS_TARIHI,IZIN_BIT_TARIHI,IZIN_BAS_SAATI,IZIN_BIT_SAATI) values ('5059','9',to_date('27/03/2016','DD/MM/RRRR'),to_date('28/03/2016','DD/MM/RRRR'),null,null);
Insert into EGITIM.PERSONEL_IZINLERI (PERSONEL_ID,IZIN_TURU,IZIN_BAS_TARIHI,IZIN_BIT_TARIHI,IZIN_BAS_SAATI,IZIN_BIT_SAATI) values ('5006','2',to_date('23/02/2016','DD/MM/RRRR'),to_date('25/02/2016','DD/MM/RRRR'),'13:00:00','15:00:00');
Insert into EGITIM.PERSONEL_IZINLERI (PERSONEL_ID,IZIN_TURU,IZIN_BAS_TARIHI,IZIN_BIT_TARIHI,IZIN_BAS_SAATI,IZIN_BIT_SAATI) values ('5049','2',to_date('27/12/2011','DD/MM/RRRR'),to_date('31/12/2011','DD/MM/RRRR'),'10:00:00','13:00:00');
Insert into EGITIM.PERSONEL_IZINLERI (PERSONEL_ID,IZIN_TURU,IZIN_BAS_TARIHI,IZIN_BIT_TARIHI,IZIN_BAS_SAATI,IZIN_BIT_SAATI) values ('5073','4',to_date('13/04/2013','DD/MM/RRRR'),to_date('17/04/2013','DD/MM/RRRR'),null,null);
Insert into EGITIM.PERSONEL_IZINLERI (PERSONEL_ID,IZIN_TURU,IZIN_BAS_TARIHI,IZIN_BIT_TARIHI,IZIN_BAS_SAATI,IZIN_BIT_SAATI) values ('5082','6',to_date('31/10/2014','DD/MM/RRRR'),to_date('04/11/2014','DD/MM/RRRR'),null,null);
Insert into EGITIM.PERSONEL_IZINLERI (PERSONEL_ID,IZIN_TURU,IZIN_BAS_TARIHI,IZIN_BIT_TARIHI,IZIN_BAS_SAATI,IZIN_BIT_SAATI) values ('5015','7',to_date('30/11/2008','DD/MM/RRRR'),to_date('03/12/2008','DD/MM/RRRR'),null,null);
Insert into EGITIM.PERSONEL_IZINLERI (PERSONEL_ID,IZIN_TURU,IZIN_BAS_TARIHI,IZIN_BIT_TARIHI,IZIN_BAS_SAATI,IZIN_BIT_SAATI) values ('5018','1',to_date('25/01/2012','DD/MM/RRRR'),to_date('28/01/2012','DD/MM/RRRR'),null,null);
Insert into EGITIM.PERSONEL_IZINLERI (PERSONEL_ID,IZIN_TURU,IZIN_BAS_TARIHI,IZIN_BIT_TARIHI,IZIN_BAS_SAATI,IZIN_BIT_SAATI) values ('5044','4',to_date('16/08/2013','DD/MM/RRRR'),to_date('19/08/2013','DD/MM/RRRR'),null,null);
Insert into EGITIM.PERSONEL_IZINLERI (PERSONEL_ID,IZIN_TURU,IZIN_BAS_TARIHI,IZIN_BIT_TARIHI,IZIN_BAS_SAATI,IZIN_BIT_SAATI) values ('5029','7',to_date('26/05/2011','DD/MM/RRRR'),to_date('29/05/2011','DD/MM/RRRR'),null,null);
Insert into EGITIM.PERSONEL_IZINLERI (PERSONEL_ID,IZIN_TURU,IZIN_BAS_TARIHI,IZIN_BIT_TARIHI,IZIN_BAS_SAATI,IZIN_BIT_SAATI) values ('5075','8',to_date('21/08/2010','DD/MM/RRRR'),to_date('23/08/2010','DD/MM/RRRR'),null,null);
Insert into EGITIM.PERSONEL_IZINLERI (PERSONEL_ID,IZIN_TURU,IZIN_BAS_TARIHI,IZIN_BIT_TARIHI,IZIN_BAS_SAATI,IZIN_BIT_SAATI) values ('5063','4',to_date('17/12/2010','DD/MM/RRRR'),to_date('21/12/2010','DD/MM/RRRR'),null,null);
Insert into EGITIM.PERSONEL_IZINLERI (PERSONEL_ID,IZIN_TURU,IZIN_BAS_TARIHI,IZIN_BIT_TARIHI,IZIN_BAS_SAATI,IZIN_BIT_SAATI) values ('5016','1',to_date('05/09/2011','DD/MM/RRRR'),to_date('09/09/2011','DD/MM/RRRR'),null,null);
Insert into EGITIM.PERSONEL_IZINLERI (PERSONEL_ID,IZIN_TURU,IZIN_BAS_TARIHI,IZIN_BIT_TARIHI,IZIN_BAS_SAATI,IZIN_BIT_SAATI) values ('5091','4',to_date('11/12/2011','DD/MM/RRRR'),to_date('12/12/2011','DD/MM/RRRR'),null,null);
Insert into EGITIM.PERSONEL_IZINLERI (PERSONEL_ID,IZIN_TURU,IZIN_BAS_TARIHI,IZIN_BIT_TARIHI,IZIN_BAS_SAATI,IZIN_BIT_SAATI) values ('5002','5',to_date('21/12/2012','DD/MM/RRRR'),to_date('25/12/2012','DD/MM/RRRR'),null,null);
Insert into EGITIM.PERSONEL_IZINLERI (PERSONEL_ID,IZIN_TURU,IZIN_BAS_TARIHI,IZIN_BIT_TARIHI,IZIN_BAS_SAATI,IZIN_BIT_SAATI) values ('5007','9',to_date('21/02/2012','DD/MM/RRRR'),to_date('26/02/2012','DD/MM/RRRR'),null,null);
Insert into EGITIM.PERSONEL_IZINLERI (PERSONEL_ID,IZIN_TURU,IZIN_BAS_TARIHI,IZIN_BIT_TARIHI,IZIN_BAS_SAATI,IZIN_BIT_SAATI) values ('5056','2',to_date('07/09/2010','DD/MM/RRRR'),to_date('09/09/2010','DD/MM/RRRR'),'11:00:00','12:00:00');
Insert into EGITIM.PERSONEL_IZINLERI (PERSONEL_ID,IZIN_TURU,IZIN_BAS_TARIHI,IZIN_BIT_TARIHI,IZIN_BAS_SAATI,IZIN_BIT_SAATI) values ('5049','3',to_date('29/07/2011','DD/MM/RRRR'),to_date('03/08/2011','DD/MM/RRRR'),null,null);
Insert into EGITIM.PERSONEL_IZINLERI (PERSONEL_ID,IZIN_TURU,IZIN_BAS_TARIHI,IZIN_BIT_TARIHI,IZIN_BAS_SAATI,IZIN_BIT_SAATI) values ('5010','10',to_date('08/08/2011','DD/MM/RRRR'),to_date('11/08/2011','DD/MM/RRRR'),null,null);
Insert into EGITIM.PERSONEL_IZINLERI (PERSONEL_ID,IZIN_TURU,IZIN_BAS_TARIHI,IZIN_BIT_TARIHI,IZIN_BAS_SAATI,IZIN_BIT_SAATI) values ('5025','10',to_date('22/11/2008','DD/MM/RRRR'),to_date('23/11/2008','DD/MM/RRRR'),null,null);
Insert into EGITIM.PERSONEL_IZINLERI (PERSONEL_ID,IZIN_TURU,IZIN_BAS_TARIHI,IZIN_BIT_TARIHI,IZIN_BAS_SAATI,IZIN_BIT_SAATI) values ('5094','1',to_date('21/08/2015','DD/MM/RRRR'),to_date('22/08/2015','DD/MM/RRRR'),null,null);
Insert into EGITIM.PERSONEL_IZINLERI (PERSONEL_ID,IZIN_TURU,IZIN_BAS_TARIHI,IZIN_BIT_TARIHI,IZIN_BAS_SAATI,IZIN_BIT_SAATI) values ('5002','4',to_date('17/02/2013','DD/MM/RRRR'),to_date('19/02/2013','DD/MM/RRRR'),null,null);
Insert into EGITIM.PERSONEL_IZINLERI (PERSONEL_ID,IZIN_TURU,IZIN_BAS_TARIHI,IZIN_BIT_TARIHI,IZIN_BAS_SAATI,IZIN_BIT_SAATI) values ('5032','1',to_date('03/03/2014','DD/MM/RRRR'),to_date('06/03/2014','DD/MM/RRRR'),null,null);
Insert into EGITIM.PERSONEL_IZINLERI (PERSONEL_ID,IZIN_TURU,IZIN_BAS_TARIHI,IZIN_BIT_TARIHI,IZIN_BAS_SAATI,IZIN_BIT_SAATI) values ('5027','1',to_date('04/02/2010','DD/MM/RRRR'),to_date('07/02/2010','DD/MM/RRRR'),null,null);
Insert into EGITIM.PERSONEL_IZINLERI (PERSONEL_ID,IZIN_TURU,IZIN_BAS_TARIHI,IZIN_BIT_TARIHI,IZIN_BAS_SAATI,IZIN_BIT_SAATI) values ('5022','2',to_date('17/09/2011','DD/MM/RRRR'),to_date('21/09/2011','DD/MM/RRRR'),'11:00:00','12:00:00');
Insert into EGITIM.PERSONEL_IZINLERI (PERSONEL_ID,IZIN_TURU,IZIN_BAS_TARIHI,IZIN_BIT_TARIHI,IZIN_BAS_SAATI,IZIN_BIT_SAATI) values ('5083','7',to_date('27/04/2009','DD/MM/RRRR'),to_date('29/04/2009','DD/MM/RRRR'),null,null);
Insert into EGITIM.PERSONEL_IZINLERI (PERSONEL_ID,IZIN_TURU,IZIN_BAS_TARIHI,IZIN_BIT_TARIHI,IZIN_BAS_SAATI,IZIN_BIT_SAATI) values ('5037','1',to_date('17/08/2009','DD/MM/RRRR'),to_date('18/08/2009','DD/MM/RRRR'),null,null);
Insert into EGITIM.PERSONEL_IZINLERI (PERSONEL_ID,IZIN_TURU,IZIN_BAS_TARIHI,IZIN_BIT_TARIHI,IZIN_BAS_SAATI,IZIN_BIT_SAATI) values ('5000','3',to_date('12/11/2011','DD/MM/RRRR'),to_date('16/11/2011','DD/MM/RRRR'),null,null);
Insert into EGITIM.PERSONEL_IZINLERI (PERSONEL_ID,IZIN_TURU,IZIN_BAS_TARIHI,IZIN_BIT_TARIHI,IZIN_BAS_SAATI,IZIN_BIT_SAATI) values ('5090','5',to_date('06/12/2011','DD/MM/RRRR'),to_date('09/12/2011','DD/MM/RRRR'),null,null);
Insert into EGITIM.PERSONEL_IZINLERI (PERSONEL_ID,IZIN_TURU,IZIN_BAS_TARIHI,IZIN_BIT_TARIHI,IZIN_BAS_SAATI,IZIN_BIT_SAATI) values ('5055','2',to_date('16/04/2016','DD/MM/RRRR'),to_date('19/04/2016','DD/MM/RRRR'),'12:00:00','16:00:00');
Insert into EGITIM.PERSONEL_IZINLERI (PERSONEL_ID,IZIN_TURU,IZIN_BAS_TARIHI,IZIN_BIT_TARIHI,IZIN_BAS_SAATI,IZIN_BIT_SAATI) values ('5049','3',to_date('17/10/2011','DD/MM/RRRR'),to_date('22/10/2011','DD/MM/RRRR'),null,null);
Insert into EGITIM.PERSONEL_IZINLERI (PERSONEL_ID,IZIN_TURU,IZIN_BAS_TARIHI,IZIN_BIT_TARIHI,IZIN_BAS_SAATI,IZIN_BIT_SAATI) values ('5073','9',to_date('13/06/2013','DD/MM/RRRR'),to_date('15/06/2013','DD/MM/RRRR'),null,null);
Insert into EGITIM.PERSONEL_IZINLERI (PERSONEL_ID,IZIN_TURU,IZIN_BAS_TARIHI,IZIN_BIT_TARIHI,IZIN_BAS_SAATI,IZIN_BIT_SAATI) values ('5017','7',to_date('18/10/2011','DD/MM/RRRR'),to_date('23/10/2011','DD/MM/RRRR'),null,null);
Insert into EGITIM.PERSONEL_IZINLERI (PERSONEL_ID,IZIN_TURU,IZIN_BAS_TARIHI,IZIN_BIT_TARIHI,IZIN_BAS_SAATI,IZIN_BIT_SAATI) values ('5010','4',to_date('07/05/2011','DD/MM/RRRR'),to_date('09/05/2011','DD/MM/RRRR'),null,null);
Insert into EGITIM.PERSONEL_IZINLERI (PERSONEL_ID,IZIN_TURU,IZIN_BAS_TARIHI,IZIN_BIT_TARIHI,IZIN_BAS_SAATI,IZIN_BIT_SAATI) values ('5082','4',to_date('29/05/2014','DD/MM/RRRR'),to_date('02/06/2014','DD/MM/RRRR'),null,null);
Insert into EGITIM.PERSONEL_IZINLERI (PERSONEL_ID,IZIN_TURU,IZIN_BAS_TARIHI,IZIN_BIT_TARIHI,IZIN_BAS_SAATI,IZIN_BIT_SAATI) values ('5027','4',to_date('27/08/2009','DD/MM/RRRR'),to_date('30/08/2009','DD/MM/RRRR'),null,null);

SET DEFINE OFF;
Insert into EGITIM.UCRET_DUZEY (DERECE,MAAS_ALT_LIMIT,MAAS_UST_LIMIT,ACIKLAMA) values ('1','1000','2000','Çok Düşük Ücret');
Insert into EGITIM.UCRET_DUZEY (DERECE,MAAS_ALT_LIMIT,MAAS_UST_LIMIT,ACIKLAMA) values ('2','2001','3000','Düşük Ücret');
Insert into EGITIM.UCRET_DUZEY (DERECE,MAAS_ALT_LIMIT,MAAS_UST_LIMIT,ACIKLAMA) values ('3','3001','5000','Orta Ücret');
Insert into EGITIM.UCRET_DUZEY (DERECE,MAAS_ALT_LIMIT,MAAS_UST_LIMIT,ACIKLAMA) values ('4','5001','8000','Yüksek Ücret');
Insert into EGITIM.UCRET_DUZEY (DERECE,MAAS_ALT_LIMIT,MAAS_UST_LIMIT,ACIKLAMA) values ('5','8001','20000','Çok Yüksek Ücret');

SET DEFINE OFF;
Insert into EGITIM.YONETICI (YONETICI_ID,PERSONEL_ID,SEVIYE) values ('905','5005','3');
Insert into EGITIM.YONETICI (YONETICI_ID,PERSONEL_ID,SEVIYE) values ('908','5008','1');
Insert into EGITIM.YONETICI (YONETICI_ID,PERSONEL_ID,SEVIYE) values ('913','5013','3');
Insert into EGITIM.YONETICI (YONETICI_ID,PERSONEL_ID,SEVIYE) values ('917','5017','3');
Insert into EGITIM.YONETICI (YONETICI_ID,PERSONEL_ID,SEVIYE) values ('919','5019','2');
Insert into EGITIM.YONETICI (YONETICI_ID,PERSONEL_ID,SEVIYE) values ('923','5023','3');
Insert into EGITIM.YONETICI (YONETICI_ID,PERSONEL_ID,SEVIYE) values ('926','5026','3');
Insert into EGITIM.YONETICI (YONETICI_ID,PERSONEL_ID,SEVIYE) values ('928','5028','1');
Insert into EGITIM.YONETICI (YONETICI_ID,PERSONEL_ID,SEVIYE) values ('938','5038','1');
Insert into EGITIM.YONETICI (YONETICI_ID,PERSONEL_ID,SEVIYE) values ('940','5040','1');
Insert into EGITIM.YONETICI (YONETICI_ID,PERSONEL_ID,SEVIYE) values ('950','5050','2');
Insert into EGITIM.YONETICI (YONETICI_ID,PERSONEL_ID,SEVIYE) values ('956','5056','1');
Insert into EGITIM.YONETICI (YONETICI_ID,PERSONEL_ID,SEVIYE) values ('969','5069','2');
Insert into EGITIM.YONETICI (YONETICI_ID,PERSONEL_ID,SEVIYE) values ('975','5075','2');
Insert into EGITIM.YONETICI (YONETICI_ID,PERSONEL_ID,SEVIYE) values ('998','5098','2');

COMMIT;